WEO_Country_Group_Code,Country_Group_Id,Country_Group_Name,WEO_Subject_Code,Subject_Descriptor,Subject_Notes,Units,Scale,Country_Series-Specific_Notes,1980,1981,1982,1983,1984,1985,1986,1987,1988,1989,1990,1991,1992,1993,1994,1995,1996,1997,1998,1999,2000,2001,2002,2003,2004,2005,2006,2007,2008,2009,2010,2011,2012,2013,2014,2015,2016,2017,2018,2019,2020,2021,2022,2023,2024,Estimates_Start_After
1,ALL,World,BCA_NGDPD,Current account balance,,Percent of GDP,Units,,,,,,,,,,,,,,,,,,,,,,,,,,,,,,,,,,,,,,,,,,,,,,,1980
110,ALL_Advanced_41,Advanced economies,BCA_NGDPD,Current account balance,,Percent of GDP,Units,,-1.078,-0.657,-0.467,-0.374,-0.541,-0.561,-0.151,-0.298,-0.165,-0.342,-0.447,-0.167,-0.152,0.255,0.065,0.089,0.043,0.23,0.051,-0.371,-0.917,-0.895,-0.844,-0.775,-0.626,-1.101,-1.229,-0.998,-1.352,-0.209,0.03,-0.101,0.002,0.463,0.483,0.594,0.783,0.953,0.741,0.741,0.264,0.795,-0.403,0.224,0.351,2024
163,ALL_Advanced_Euro_20,Euro area,BCA_NGDPD,Current account balance,,Percent of GDP,Units,,,,,,,,,,,,,,,,,,,0.817,0.322,-0.505,-1.444,-0.357,0.601,0.243,0.702,0.105,-0.164,0.04,-1.82,-0.3,-0.319,-0.348,0.973,2.055,2.289,2.617,2.975,3.121,2.807,2.369,1.659,2.47,-0.313,1.584,2.558,2024
119,ALL_Advanced_G7,Major advanced economies (G7),BCA_NGDPD,Current account balance,,Percent of GDP,Units,,-0.676,-0.256,-0.133,-0.232,-0.736,-0.752,-0.356,-0.56,-0.369,-0.428,-0.468,-0.176,-0.19,0.07,-0.104,-0.067,-0.078,0.051,-0.298,-0.787,-1.381,-1.393,-1.415,-1.491,-1.302,-1.711,-1.873,-1.331,-1.607,-0.642,-0.686,-0.772,-0.898,-0.65,-0.649,-0.481,-0.168,0.051,-0.17,0.054,-0.745,-0.736,-1.998,-1.245,-1.167,2024
123,ALL_BRICS_20,Other advanced economies (Advanced economies excluding G7 and euro area),BCA_NGDPD,Current account balance,,Percent of GDP,Units,,,,,,0.429,0.699,0.893,1.615,1.415,0.551,0.255,0.652,0.765,1.393,0.742,0.198,0.353,0.986,2.943,2.819,2.947,3.48,3.375,4.264,4.105,3.822,4.221,3.431,2.836,3.92,4.697,3.863,3.964,4.721,4.84,5.281,4.846,4.527,4.323,4.559,5.088,6.841,6.793,6.057,6.104,2024
998,ALL_EUR_27,European Union,BCA_NGDPD,Current account balance,,Percent of GDP,Units,,-2.222,-1.93,-1.201,-0.186,0.346,0.37,1.28,0.847,0.912,0.562,-0.049,-1.322,-1.093,0.04,0.081,0.442,0.706,1.135,0.604,0.368,-0.68,-0.081,0.485,0.329,0.966,0.397,0.322,-0.053,-0.773,0.438,0.574,0.788,1.775,2.68,2.87,3.146,3.364,3.199,3.017,2.942,2.49,3.342,1.004,2.755,3.341,2024
510,ALL_ASEAN_5,ASEAN-5,BCA_NGDPD,Current account balance,,Percent of GDP,Units,,-1.418,-4.032,-6.077,-7.066,-3.196,-1.811,-1.252,-0.306,-0.118,-0.74,-3.001,-3.029,-1.458,-2.048,-1.235,-2.42,-2.152,-0.213,10.259,7.718,5.819,5.402,5.231,7.058,5.881,5.235,7.979,8.588,4.763,7.245,5.805,5.351,2.096,1.466,2.94,3.861,3.91,3.933,2.173,2.81,3.838,3.023,2.576,3.082,2.671,2024
200,ALL_Developing_155,Emerging market and developing economies,BCA_NGDPD,Current account balance,,Percent of GDP,Units,,0.585,-0.827,-1.908,-1.694,-0.857,-0.458,-1.927,-0.795,,,,,,,,,,-1.074,-1.551,-0.136,1.287,0.715,1.273,1.985,2.404,3.929,4.75,3.721,3.413,1.315,1.264,1.354,1.189,0.571,0.491,-0.294,-0.372,-0.075,-0.151,,0.431,0.967,1.658,0.64,0.382,2024
505,ALL_Developing_Asia_30,Emerging and developing Asia,BCA_NGDPD,Current account balance,,Percent of GDP,Units,,,,,,,,,,,,,,,,,,,0.559,2.705,2.065,1.861,1.611,2.295,2.73,2.57,3.445,5.569,6.404,5.708,3.379,2.465,0.838,0.949,0.718,1.499,1.858,1.286,0.916,-0.269,0.455,1.538,1.178,1.345,0.978,0.844,2024
903,ALL_Developing_Europe_15,Emerging and developing Europe,BCA_NGDPD,Current account balance,,Percent of GDP,Units,,-3.452,-2.914,-0.809,-0.911,-0.095,-0.447,-1.199,-0.17,1.251,0.171,-0.756,-1.114,-1.76,-2.776,0.623,0.06,-0.18,-1.503,-1.599,0.5,2.21,2.68,1.503,0.625,0.783,1.504,0.378,-1.876,-1.49,-0.274,-0.838,-0.916,-0.544,-1.169,-0.143,1.113,-0.179,-0.553,1.785,1.38,0.078,1.639,2.711,-0.479,-0.285,2024
205,ALL_Developing_LatinA_Caribbean_33,Latin America and the Caribbean,BCA_NGDPD,Current account balance,,Percent of GDP,Units,,-3.347,-4.841,-4.912,0.04,0.797,0.278,-1.941,-0.682,-1.046,-0.651,-0.341,-1.9,-3.334,-3.616,-3.647,-2.002,-1.884,-2.981,-3.991,-2.763,-2.203,-2.461,-0.818,0.61,1.02,1.289,1.57,0.205,-0.963,-0.857,-2.094,-2.112,-2.616,-2.956,-3.267,-3.529,-2.196,-1.787,-2.706,-2.059,-0.211,-1.795,-2.15,-1.058,-0.901,2024
400,ALL_Developing_MEast_CAsia_32,Middle East and Central Asia,BCA_NGDPD,Current account balance,,Percent of GDP,Units,,11.755,9.989,4.07,-1.792,-1.578,-0.398,-2.749,-1.16,-1.295,-0.538,0.227,-8.304,-4.73,-4.03,-1.973,-1.251,0.467,0.388,-3.783,0.624,5.863,3.614,3.204,4.938,6.713,12.312,13.516,10.6,11.69,1.74,6.16,11.647,11.011,8.515,4.702,-3.928,-4.151,-0.997,2.861,0.401,-3.565,3.376,8.416,3.747,1.748,2024
603,ALL_Developing_SSAfrica_45,Sub-Saharan Africa,BCA_NGDPD,Current account balance,,Percent of GDP,Units,,-1.155,-3.884,-3.125,-1.69,-1.507,-0.134,-1.026,-0.067,-1.484,-1.239,-0.212,-1.277,-0.974,-1.006,-1.444,-1.988,0.149,-1.315,-2.743,-1.859,1.119,-0.798,-0.855,-0.406,1.078,3.602,3.54,1.378,0.282,-2.206,-0.778,-0.623,-1.709,-2.158,-3.493,-5.528,-3.483,-1.985,-1.984,-3.023,-2.641,-0.934,-2.158,-2.653,-3.202,2024
1,ALL,World,GGR_NGDP,General government revenue,"Revenue consists of taxes, social contributions, grants receivable, and other revenue. Revenue increases government's net worth, which is the difference between its assets and liabilities (GFSM 2NANA1, paragraph 4.2NA). Note: Transactions that merely change the composition of the balance sheet do not change the net worth position, for example, proceeds from sales of nonfinancial and financial assets or incurrence of liabilities.",Percent of GDP,Units,,,,,,,,,,,,,,,,,,,,,,,,,,,,,,,,,,,,,,,,,,,,,,,1980
110,ALL_Advanced_41,Advanced economies,GGR_NGDP,General government revenue,"Revenue consists of taxes, social contributions, grants receivable, and other revenue. Revenue increases government's net worth, which is the difference between its assets and liabilities (GFSM 2NANA1, paragraph 4.2NA). Note: Transactions that merely change the composition of the balance sheet do not change the net worth position, for example, proceeds from sales of nonfinancial and financial assets or incurrence of liabilities.",Percent of GDP,Units,,,,,,,,,,,,,,,,,,,,,,,35.388,34.241,34.476,34.821,35.519,36.177,36.58,36.202,34.841,34.604,35.195,35.31,36.489,36.521,36.104,35.915,35.773,35.86,35.605,36.0,36.872,37.062,35.332,35.622,2024
163,ALL_Advanced_Euro_20,Euro area,GGR_NGDP,General government revenue,"Revenue consists of taxes, social contributions, grants receivable, and other revenue. Revenue increases government's net worth, which is the difference between its assets and liabilities (GFSM 2NANA1, paragraph 4.2NA). Note: Transactions that merely change the composition of the balance sheet do not change the net worth position, for example, proceeds from sales of nonfinancial and financial assets or incurrence of liabilities.",Percent of GDP,Units,,,,,,,,,,,,,44.988,46.113,46.869,46.566,45.778,46.166,46.212,45.97,46.45,45.93,45.256,44.839,44.761,44.44,44.602,44.997,45.151,44.911,44.935,44.759,45.378,46.465,47.129,47.076,46.684,46.496,46.45,46.647,46.518,46.662,47.068,46.779,46.219,46.381,2024
119,ALL_Advanced_G7,Major advanced economies (G7),GGR_NGDP,General government revenue,"Revenue consists of taxes, social contributions, grants receivable, and other revenue. Revenue increases government's net worth, which is the difference between its assets and liabilities (GFSM 2NANA1, paragraph 4.2NA). Note: Transactions that merely change the composition of the balance sheet do not change the net worth position, for example, proceeds from sales of nonfinancial and financial assets or incurrence of liabilities.",Percent of GDP,Units,,,,,,,,,,,,,,,,,,,,,,,35.06,33.705,33.787,34.143,34.93,35.696,36.095,35.672,34.274,34.113,34.753,34.849,36.307,36.503,36.285,35.982,35.786,35.806,35.553,36.064,36.946,37.148,34.991,35.329,2024
123,ALL_BRICS_20,Other advanced economies (Advanced economies excluding G7 and euro area),GGR_NGDP,General government revenue,"Revenue consists of taxes, social contributions, grants receivable, and other revenue. Revenue increases government's net worth, which is the difference between its assets and liabilities (GFSM 2NANA1, paragraph 4.2NA). Note: Transactions that merely change the composition of the balance sheet do not change the net worth position, for example, proceeds from sales of nonfinancial and financial assets or incurrence of liabilities.",Percent of GDP,Units,,,,,,,,,,,,,,,,,31.171,31.606,31.342,33.283,32.934,34.051,32.384,31.907,33.108,33.202,33.481,33.521,33.996,34.176,32.861,31.979,32.563,32.593,32.444,31.795,30.959,31.376,31.655,31.808,31.564,31.431,32.636,33.256,32.111,32.033,2024
998,ALL_EUR_27,European Union,GGR_NGDP,General government revenue,"Revenue consists of taxes, social contributions, grants receivable, and other revenue. Revenue increases government's net worth, which is the difference between its assets and liabilities (GFSM 2NANA1, paragraph 4.2NA). Note: Transactions that merely change the composition of the balance sheet do not change the net worth position, for example, proceeds from sales of nonfinancial and financial assets or incurrence of liabilities.",Percent of GDP,Units,,,,,,,,,,,,,45.548,46.37,46.896,46.67,46.173,46.644,46.532,46.192,46.671,46.084,45.338,44.873,44.863,44.555,44.762,45.048,45.137,44.795,44.718,44.584,45.122,46.138,46.743,46.682,46.296,46.065,46.0,46.19,46.055,46.144,46.471,45.943,45.403,45.657,2024
510,ALL_ASEAN_5,ASEAN-5,GGR_NGDP,General government revenue,"Revenue consists of taxes, social contributions, grants receivable, and other revenue. Revenue increases government's net worth, which is the difference between its assets and liabilities (GFSM 2NANA1, paragraph 4.2NA). Note: Transactions that merely change the composition of the balance sheet do not change the net worth position, for example, proceeds from sales of nonfinancial and financial assets or incurrence of liabilities.",Percent of GDP,Units,,,,,,,,,,,,,,,,,17.889,18.281,18.912,18.09,17.846,17.169,19.356,18.417,18.705,18.691,18.805,19.166,18.933,19.799,17.786,17.67,18.768,19.183,19.051,18.77,18.046,17.6,17.417,17.858,17.817,16.709,16.873,17.454,17.812,17.344,2024
200,ALL_Developing_155,Emerging market and developing economies,GGR_NGDP,General government revenue,"Revenue consists of taxes, social contributions, grants receivable, and other revenue. Revenue increases government's net worth, which is the difference between its assets and liabilities (GFSM 2NANA1, paragraph 4.2NA). Note: Transactions that merely change the composition of the balance sheet do not change the net worth position, for example, proceeds from sales of nonfinancial and financial assets or incurrence of liabilities.",Percent of GDP,Units,,,,,,,,,,,,,,,,,,,,,,21.822,22.75,22.887,23.344,24.35,26.109,26.818,26.803,28.869,26.112,26.662,28.173,28.646,28.117,27.525,26.662,26.276,26.571,27.096,26.574,24.731,25.836,26.086,26.17,26.389,2024
505,ALL_Developing_Asia_30,Emerging and developing Asia,GGR_NGDP,General government revenue,"Revenue consists of taxes, social contributions, grants receivable, and other revenue. Revenue increases government's net worth, which is the difference between its assets and liabilities (GFSM 2NANA1, paragraph 4.2NA). Note: Transactions that merely change the composition of the balance sheet do not change the net worth position, for example, proceeds from sales of nonfinancial and financial assets or incurrence of liabilities.",Percent of GDP,Units,,,,,,,,,,,,,,,,,14.567,14.415,14.492,13.888,14.637,14.956,16.11,16.536,16.938,17.364,17.78,18.329,19.125,21.448,21.744,22.288,24.077,24.953,24.998,25.258,25.881,25.624,25.757,25.851,25.002,23.16,24.315,23.768,23.949,24.098,2024
903,ALL_Developing_Europe_15,Emerging and developing Europe,GGR_NGDP,General government revenue,"Revenue consists of taxes, social contributions, grants receivable, and other revenue. Revenue increases government's net worth, which is the difference between its assets and liabilities (GFSM 2NANA1, paragraph 4.2NA). Note: Transactions that merely change the composition of the balance sheet do not change the net worth position, for example, proceeds from sales of nonfinancial and financial assets or incurrence of liabilities.",Percent of GDP,Units,,,,,,,,,,,,,,,,,,,,,,34.491,35.432,34.885,34.757,34.524,36.347,37.017,36.966,36.728,34.413,34.267,35.3,35.326,34.809,34.744,34.172,34.221,34.164,35.664,35.668,35.295,35.226,34.385,35.095,35.761,2024
205,ALL_Developing_LatinA_Caribbean_33,Latin America and the Caribbean,GGR_NGDP,General government revenue,"Revenue consists of taxes, social contributions, grants receivable, and other revenue. Revenue increases government's net worth, which is the difference between its assets and liabilities (GFSM 2NANA1, paragraph 4.2NA). Note: Transactions that merely change the composition of the balance sheet do not change the net worth position, for example, proceeds from sales of nonfinancial and financial assets or incurrence of liabilities.",Percent of GDP,Units,,,,,,,,,,,,,,,,,,,,,,,23.754,24.841,25.086,26.057,27.822,28.485,29.186,30.856,29.074,29.502,30.62,30.561,30.057,29.239,29.299,29.447,29.116,29.011,29.32,27.342,28.808,30.186,29.376,29.517,2024
400,ALL_Developing_MEast_CAsia_32,Middle East and Central Asia,GGR_NGDP,General government revenue,"Revenue consists of taxes, social contributions, grants receivable, and other revenue. Revenue increases government's net worth, which is the difference between its assets and liabilities (GFSM 2NANA1, paragraph 4.2NA). Note: Transactions that merely change the composition of the balance sheet do not change the net worth position, for example, proceeds from sales of nonfinancial and financial assets or incurrence of liabilities.",Percent of GDP,Units,,,,,,,,,,,,,,,,,,,,,23.63,28.464,25.523,25.419,26.609,29.131,32.968,33.552,31.549,36.524,28.675,30.072,31.878,33.896,32.467,29.992,24.205,22.348,23.756,26.864,26.749,24.312,25.535,28.444,27.716,26.57,2024
603,ALL_Developing_SSAfrica_45,Sub-Saharan Africa,GGR_NGDP,General government revenue,"Revenue consists of taxes, social contributions, grants receivable, and other revenue. Revenue increases government's net worth, which is the difference between its assets and liabilities (GFSM 2NANA1, paragraph 4.2NA). Note: Transactions that merely change the composition of the balance sheet do not change the net worth position, for example, proceeds from sales of nonfinancial and financial assets or incurrence of liabilities.",Percent of GDP,Units,,,,,,,,,,,,,,,,,,,,,,20.293,20.578,18.737,19.273,20.518,21.971,23.818,21.72,22.76,18.379,19.569,21.726,20.797,19.181,18.412,16.478,15.629,16.527,17.201,16.624,15.477,16.835,17.474,17.306,18.881,2024
1,ALL,World,GGSB_NPGDP,General government structural balance,,Percent of potential GDP,Units,,,,,,,,,,,,,,,,,,,,,,,,,,,,,,,,,,,,,,,,,,,,,,,1980
110,ALL_Advanced_41,Advanced economies,GGSB_NPGDP,General government structural balance,,Percent of potential GDP,Units,,,,,,,,,,,,,,,,,,,,,,,-2.27,-3.449,-3.794,-3.603,-2.859,-2.352,-2.676,-4.161,-5.92,-6.692,-5.641,-4.435,-3.188,-2.599,-2.271,-2.46,-2.517,-2.573,-3.256,-7.063,-6.411,-4.517,-5.122,-5.083,2024
163,ALL_Advanced_Euro_20,Euro area,GGSB_NPGDP,General government structural balance,,Percent of potential GDP,Units,,,,,,,,,,,,,,,,,-3.872,-2.761,-2.37,-2.095,-1.408,-2.937,-2.617,-3.015,-2.951,-2.904,-2.55,-2.217,-2.167,-3.274,-4.475,-4.531,-3.548,-1.861,-1.05,-0.663,-0.487,-0.483,-0.532,-0.233,-0.377,-3.912,-3.895,-3.412,-3.473,-2.925,2024
119,ALL_Advanced_G7,Major advanced economies (G7),GGSB_NPGDP,General government structural balance,,Percent of potential GDP,Units,,,,,,,,,,,,,,,,,,,,,,,-2.52,-3.943,-4.435,-4.207,-3.524,-2.915,-3.341,-4.675,-6.393,-7.621,-6.5,-5.227,-3.701,-3.041,-2.628,-2.993,-3.211,-3.322,-3.897,-8.069,-7.673,-5.305,-6.146,-6.013,2024
123,ALL_BRICS_20,Other advanced economies (Advanced economies excluding G7 and euro area),GGSB_NPGDP,General government structural balance,,Percent of potential GDP,Units,,,,,,,,,,,,,,,,,,,-1.167,-1.186,-0.538,-0.348,-0.82,-0.936,-0.539,-0.726,0.097,0.287,0.766,-0.635,-1.982,-1.93,-1.644,-1.477,-1.591,-1.306,-1.098,-0.559,-0.101,-0.039,-1.32,-4.425,-2.578,-1.988,-1.846,-2.055,2024
998,ALL_EUR_27,European Union,GGSB_NPGDP,General government structural balance,,Percent of potential GDP,Units,,,,,,,,,,,,,,,,,,,,,,,,,,,,,,,,,,,,,,,,,,,,,,,1980
510,ALL_ASEAN_5,ASEAN-5,GGSB_NPGDP,General government structural balance,,Percent of potential GDP,Units,,,,,,,,,,,,,,,,,,,,,,,,,,,,,,,,,,,,,,,,,,,,,,,1980
200,ALL_Developing_155,Emerging market and developing economies,GGSB_NPGDP,General government structural balance,,Percent of potential GDP,Units,,,,,,,,,,,,,,,,,,,,,,,,,,,,,,,,,,,,,,,,,,,,,,,1980
505,ALL_Developing_Asia_30,Emerging and developing Asia,GGSB_NPGDP,General government structural balance,,Percent of potential GDP,Units,,,,,,,,,,,,,,,,,,,,,,,,,,,,,,,,,,,,,,,,,,,,,,,1980
903,ALL_Developing_Europe_15,Emerging and developing Europe,GGSB_NPGDP,General government structural balance,,Percent of potential GDP,Units,,,,,,,,,,,,,,,,,,,,,,,,,,,,,,,,,,,,,,,,,,,,,,,1980
205,ALL_Developing_LatinA_Caribbean_33,Latin America and the Caribbean,GGSB_NPGDP,General government structural balance,,Percent of potential GDP,Units,,,,,,,,,,,,,,,,,,,,,,,,,,,,,,,,,,,,,,,,,,,,,,,1980
400,ALL_Developing_MEast_CAsia_32,Middle East and Central Asia,GGSB_NPGDP,General government structural balance,,Percent of potential GDP,Units,,,,,,,,,,,,,,,,,,,,,,,,,,,,,,,,,,,,,,,,,,,,,,,1980
603,ALL_Developing_SSAfrica_45,Sub-Saharan Africa,GGSB_NPGDP,General government structural balance,,Percent of potential GDP,Units,,,,,,,,,,,,,,,,,,,,,,,,,,,,,,,,,,,,,,,,,,,,,,,1980
1,ALL,World,GGX_NGDP,General government total expenditure,"Total expenditure consists of total expense and the net acquisition of nonfinancial assets. Note: Apart from being on an accrual basis, total expenditure differs from the GFSM 1986 definition of total expenditure in the sense that it also takes the disposals of nonfinancial assets into account.",Percent of GDP,Units,,,,,,,,,,,,,,,,,,,,,,,,,,,,,,,,,,,,,,,,,,,,,,,1980
110,ALL_Advanced_41,Advanced economies,GGX_NGDP,General government total expenditure,"Total expenditure consists of total expense and the net acquisition of nonfinancial assets. Note: Apart from being on an accrual basis, total expenditure differs from the GFSM 1986 definition of total expenditure in the sense that it also takes the disposals of nonfinancial assets into account.",Percent of GDP,Units,,,,,,,,,,,,,,,,,,,,,,,37.051,37.722,38.44,38.06,37.931,37.559,37.84,39.699,43.46,42.216,41.403,40.785,40.184,39.603,38.686,38.562,38.232,38.29,38.585,46.184,43.963,40.109,40.037,40.597,2024
163,ALL_Advanced_Euro_20,Euro area,GGX_NGDP,General government total expenditure,"Total expenditure consists of total expense and the net acquisition of nonfinancial assets. Note: Apart from being on an accrual basis, total expenditure differs from the GFSM 1986 definition of total expenditure in the sense that it also takes the disposals of nonfinancial assets into account.",Percent of GDP,Units,,,,,,,,,,,,,50.084,51.255,52.731,51.624,53.109,50.543,49.289,48.458,48.035,47.27,47.268,47.611,47.924,47.333,47.26,46.586,45.902,47.164,51.197,51.082,49.631,50.27,50.171,49.629,48.658,47.981,47.46,47.1,47.072,53.682,52.192,50.267,49.81,49.48,2024
119,ALL_Advanced_G7,Major advanced economies (G7),GGX_NGDP,General government total expenditure,"Total expenditure consists of total expense and the net acquisition of nonfinancial assets. Note: Apart from being on an accrual basis, total expenditure differs from the GFSM 1986 definition of total expenditure in the sense that it also takes the disposals of nonfinancial assets into account.",Percent of GDP,Units,,,,,,,,,,,,,,,,,,,,,,,37.063,37.84,38.504,38.106,38.184,37.906,38.329,40.178,44.102,42.903,42.116,41.298,40.647,40.118,39.305,39.308,39.144,39.172,39.355,47.667,45.591,41.056,40.903,41.512,2024
123,ALL_BRICS_20,Other advanced economies (Advanced economies excluding G7 and euro area),GGX_NGDP,General government total expenditure,"Total expenditure consists of total expense and the net acquisition of nonfinancial assets. Note: Apart from being on an accrual basis, total expenditure differs from the GFSM 1986 definition of total expenditure in the sense that it also takes the disposals of nonfinancial assets into account.",Percent of GDP,Units,,,,,,,,,,,,,,,,,32.907,32.27,31.212,33.827,32.419,32.265,32.0,32.084,33.228,32.606,31.561,30.854,30.544,32.147,34.044,32.403,32.355,32.349,32.294,31.624,30.983,30.89,30.481,30.669,31.696,36.126,33.73,32.55,32.221,32.484,2024
998,ALL_EUR_27,European Union,GGX_NGDP,General government total expenditure,"Total expenditure consists of total expense and the net acquisition of nonfinancial assets. Note: Apart from being on an accrual basis, total expenditure differs from the GFSM 1986 definition of total expenditure in the sense that it also takes the disposals of nonfinancial assets into account.",Percent of GDP,Units,,,,,,,,,,,,,50.321,51.568,52.816,51.793,53.389,50.934,49.572,48.608,48.176,47.295,47.287,47.66,48.007,47.296,47.153,46.474,45.71,46.859,50.729,50.585,49.175,49.784,49.676,49.137,48.171,47.422,46.875,46.593,46.541,52.839,51.087,49.143,48.874,48.801,2024
510,ALL_ASEAN_5,ASEAN-5,GGX_NGDP,General government total expenditure,"Total expenditure consists of total expense and the net acquisition of nonfinancial assets. Note: Apart from being on an accrual basis, total expenditure differs from the GFSM 1986 definition of total expenditure in the sense that it also takes the disposals of nonfinancial assets into account.",Percent of GDP,Units,,,,,,,,,,,,,,,,,15.844,16.483,18.054,19.96,20.118,18.872,21.362,20.814,19.785,19.153,18.488,18.727,18.653,19.711,20.055,18.493,18.531,19.481,19.478,19.183,19.016,18.556,18.096,18.518,18.535,22.337,21.27,20.224,19.418,19.124,2024
200,ALL_Developing_155,Emerging market and developing economies,GGX_NGDP,General government total expenditure,"Total expenditure consists of total expense and the net acquisition of nonfinancial assets. Note: Apart from being on an accrual basis, total expenditure differs from the GFSM 1986 definition of total expenditure in the sense that it also takes the disposals of nonfinancial assets into account.",Percent of GDP,Units,,,,,,,,,,,,,,,,,,,,,,23.093,25.618,26.244,26.014,25.419,25.644,25.9,26.236,28.234,29.929,28.945,29.111,29.584,29.796,29.896,30.689,30.632,30.352,30.564,30.962,33.229,30.844,30.972,31.469,31.989,2024
505,ALL_Developing_Asia_30,Emerging and developing Asia,GGX_NGDP,General government total expenditure,"Total expenditure consists of total expense and the net acquisition of nonfinancial assets. Note: Apart from being on an accrual basis, total expenditure differs from the GFSM 1986 definition of total expenditure in the sense that it also takes the disposals of nonfinancial assets into account.",Percent of GDP,Units,,,,,,,,,,,,,,,,,15.962,15.623,16.615,17.314,18.648,18.924,20.447,21.068,20.918,20.298,20.147,20.193,20.237,23.05,25.071,24.446,25.676,26.604,26.855,27.001,29.017,29.354,29.37,30.025,30.643,32.592,30.614,30.855,30.478,30.935,2024
903,ALL_Developing_Europe_15,Emerging and developing Europe,GGX_NGDP,General government total expenditure,"Total expenditure consists of total expense and the net acquisition of nonfinancial assets. Note: Apart from being on an accrual basis, total expenditure differs from the GFSM 1986 definition of total expenditure in the sense that it also takes the disposals of nonfinancial assets into account.",Percent of GDP,Units,,,,,,,,,,,,,,,,,,,,,,37.291,38.581,39.177,37.958,35.415,34.717,34.829,35.605,36.366,40.247,38.317,35.931,36.394,36.652,36.427,36.433,36.805,35.783,35.406,36.361,40.599,36.847,36.93,39.493,40.13,2024
205,ALL_Developing_LatinA_Caribbean_33,Latin America and the Caribbean,GGX_NGDP,General government total expenditure,"Total expenditure consists of total expense and the net acquisition of nonfinancial assets. Note: Apart from being on an accrual basis, total expenditure differs from the GFSM 1986 definition of total expenditure in the sense that it also takes the disposals of nonfinancial assets into account.",Percent of GDP,Units,,,,,,,,,,,,,,,,,,,,,,,26.91,27.537,27.789,27.179,28.841,30.173,30.251,31.965,33.04,32.633,33.308,33.305,33.394,34.08,35.188,34.773,34.218,33.968,33.024,35.453,32.665,33.766,34.465,34.332,2024
400,ALL_Developing_MEast_CAsia_32,Middle East and Central Asia,GGX_NGDP,General government total expenditure,"Total expenditure consists of total expense and the net acquisition of nonfinancial assets. Note: Apart from being on an accrual basis, total expenditure differs from the GFSM 1986 definition of total expenditure in the sense that it also takes the disposals of nonfinancial assets into account.",Percent of GDP,Units,,,,,,,,,,,,,,,,,,,,,24.354,23.087,25.065,27.043,25.615,26.339,25.174,25.028,25.194,27.704,31.328,29.012,28.299,29.241,30.26,31.301,31.0,29.76,28.238,28.395,29.3,32.031,27.847,26.138,28.202,28.679,2024
603,ALL_Developing_SSAfrica_45,Sub-Saharan Africa,GGX_NGDP,General government total expenditure,"Total expenditure consists of total expense and the net acquisition of nonfinancial assets. Note: Apart from being on an accrual basis, total expenditure differs from the GFSM 1986 definition of total expenditure in the sense that it also takes the disposals of nonfinancial assets into account.",Percent of GDP,Units,,,,,,,,,,,,,,,,,,,,,,20.534,22.152,19.644,21.031,20.118,20.606,19.336,21.235,21.628,22.567,22.813,22.826,22.451,22.181,21.813,20.565,19.917,20.907,20.647,20.586,21.924,21.704,21.862,21.389,22.867,2024
1,ALL,World,GGXWDG_NGDP,General government gross debt,"Gross debt consists of all liabilities that require payment or payments of interest and/or principal by the debtor to the creditor at a date or dates in the future. This includes debt liabilities in the form of SDRs, currency and deposits, debt securities, loans, insurance, pensions and standardized guarantee schemes, and other accounts payable. Thus, all liabilities in the GFSM 2NANA1 system are debt, except for equity and investment fund shares and financial derivatives and employee stock options. Debt can be valued at current market, nominal, or face values (GFSM 2NANA1, paragraph 7.11NA).",Percent of GDP,Units,,,,,,,,,,,,,,,,,,,,,,,,,,,,,,,,,,,,,,,,,,,,,,,1980
110,ALL_Advanced_41,Advanced economies,GGXWDG_NGDP,General government gross debt,"Gross debt consists of all liabilities that require payment or payments of interest and/or principal by the debtor to the creditor at a date or dates in the future. This includes debt liabilities in the form of SDRs, currency and deposits, debt securities, loans, insurance, pensions and standardized guarantee schemes, and other accounts payable. Thus, all liabilities in the GFSM 2NANA1 system are debt, except for equity and investment fund shares and financial derivatives and employee stock options. Debt can be valued at current market, nominal, or face values (GFSM 2NANA1, paragraph 7.11NA).",Percent of GDP,Units,,,,,,,,,,,,,,,,,,,,,,,70.038,71.079,73.177,76.551,76.025,73.296,70.965,77.64,90.832,97.187,101.137,105.363,103.78,103.257,102.819,105.214,102.831,102.378,103.443,121.843,115.403,109.898,108.69,109.413,2024
163,ALL_Advanced_Euro_20,Euro area,GGXWDG_NGDP,General government gross debt,"Gross debt consists of all liabilities that require payment or payments of interest and/or principal by the debtor to the creditor at a date or dates in the future. This includes debt liabilities in the form of SDRs, currency and deposits, debt securities, loans, insurance, pensions and standardized guarantee schemes, and other accounts payable. Thus, all liabilities in the GFSM 2NANA1 system are debt, except for equity and investment fund shares and financial derivatives and employee stock options. Debt can be valued at current market, nominal, or face values (GFSM 2NANA1, paragraph 7.11NA).",Percent of GDP,Units,,,,,,,,,,,,,,,,,71.489,73.5,72.969,72.594,71.488,69.056,68.063,67.981,69.243,69.55,70.175,68.157,65.793,69.458,79.928,85.325,87.175,90.631,92.624,92.785,90.878,89.78,87.493,85.566,83.595,96.587,93.985,89.862,87.817,88.118,2024
119,ALL_Advanced_G7,Major advanced economies (G7),GGXWDG_NGDP,General government gross debt,"Gross debt consists of all liabilities that require payment or payments of interest and/or principal by the debtor to the creditor at a date or dates in the future. This includes debt liabilities in the form of SDRs, currency and deposits, debt securities, loans, insurance, pensions and standardized guarantee schemes, and other accounts payable. Thus, all liabilities in the GFSM 2NANA1 system are debt, except for equity and investment fund shares and financial derivatives and employee stock options. Debt can be valued at current market, nominal, or face values (GFSM 2NANA1, paragraph 7.11NA).",Percent of GDP,Units,,,,,,,,,,,,,,,,,,,,,,,74.855,76.598,79.686,84.887,84.882,82.388,80.697,88.576,103.449,111.571,116.468,120.574,118.177,116.991,116.016,119.119,116.985,116.835,117.767,139.27,132.166,125.342,123.386,124.317,2024
123,ALL_BRICS_20,Other advanced economies (Advanced economies excluding G7 and euro area),GGXWDG_NGDP,General government gross debt,"Gross debt consists of all liabilities that require payment or payments of interest and/or principal by the debtor to the creditor at a date or dates in the future. This includes debt liabilities in the form of SDRs, currency and deposits, debt securities, loans, insurance, pensions and standardized guarantee schemes, and other accounts payable. Thus, all liabilities in the GFSM 2NANA1 system are debt, except for equity and investment fund shares and financial derivatives and employee stock options. Debt can be valued at current market, nominal, or face values (GFSM 2NANA1, paragraph 7.11NA).",Percent of GDP,Units,,,,,,,,,,,,,,,,,,,,,,34.813,35.528,35.799,36.562,34.812,33.795,33.0,31.162,32.618,35.339,35.467,36.479,38.001,38.979,40.232,41.162,41.587,41.12,40.814,42.752,49.579,49.156,48.082,49.318,49.842,2024
998,ALL_EUR_27,European Union,GGXWDG_NGDP,General government gross debt,"Gross debt consists of all liabilities that require payment or payments of interest and/or principal by the debtor to the creditor at a date or dates in the future. This includes debt liabilities in the form of SDRs, currency and deposits, debt securities, loans, insurance, pensions and standardized guarantee schemes, and other accounts payable. Thus, all liabilities in the GFSM 2NANA1 system are debt, except for equity and investment fund shares and financial derivatives and employee stock options. Debt can be valued at current market, nominal, or face values (GFSM 2NANA1, paragraph 7.11NA).",Percent of GDP,Units,,,,,,,,,,,,,,,,,70.198,72.447,71.854,70.351,69.238,66.304,65.303,65.282,66.519,66.587,66.791,64.525,61.918,65.14,75.121,80.048,82.058,86.094,88.275,88.488,86.414,85.618,83.098,81.082,78.881,91.172,88.244,83.917,82.139,82.743,2024
510,ALL_ASEAN_5,ASEAN-5,GGXWDG_NGDP,General government gross debt,"Gross debt consists of all liabilities that require payment or payments of interest and/or principal by the debtor to the creditor at a date or dates in the future. This includes debt liabilities in the form of SDRs, currency and deposits, debt securities, loans, insurance, pensions and standardized guarantee schemes, and other accounts payable. Thus, all liabilities in the GFSM 2NANA1 system are debt, except for equity and investment fund shares and financial derivatives and employee stock options. Debt can be valued at current market, nominal, or face values (GFSM 2NANA1, paragraph 7.11NA).",Percent of GDP,Units,,,,,,,,,,,,,,,,,,,,,,66.792,65.227,62.312,59.592,57.561,52.983,46.992,46.579,43.944,46.431,44.751,43.511,44.97,45.061,45.097,46.508,46.593,47.137,48.376,50.133,61.594,65.766,67.686,70.528,71.747,2024
200,ALL_Developing_155,Emerging market and developing economies,GGXWDG_NGDP,General government gross debt,"Gross debt consists of all liabilities that require payment or payments of interest and/or principal by the debtor to the creditor at a date or dates in the future. This includes debt liabilities in the form of SDRs, currency and deposits, debt securities, loans, insurance, pensions and standardized guarantee schemes, and other accounts payable. Thus, all liabilities in the GFSM 2NANA1 system are debt, except for equity and investment fund shares and financial derivatives and employee stock options. Debt can be valued at current market, nominal, or face values (GFSM 2NANA1, paragraph 7.11NA).",Percent of GDP,Units,,,,,,,,,,,,,,,,,,,,,,46.976,47.978,51.068,49.226,46.331,41.468,36.959,35.559,33.408,38.466,37.379,36.652,36.668,37.909,39.775,43.626,49.026,51.193,52.481,54.9,64.541,63.863,64.116,68.507,69.94,2024
505,ALL_Developing_Asia_30,Emerging and developing Asia,GGXWDG_NGDP,General government gross debt,"Gross debt consists of all liabilities that require payment or payments of interest and/or principal by the debtor to the creditor at a date or dates in the future. This includes debt liabilities in the form of SDRs, currency and deposits, debt securities, loans, insurance, pensions and standardized guarantee schemes, and other accounts payable. Thus, all liabilities in the GFSM 2NANA1 system are debt, except for equity and investment fund shares and financial derivatives and employee stock options. Debt can be valued at current market, nominal, or face values (GFSM 2NANA1, paragraph 7.11NA).",Percent of GDP,Units,,,,,,,,,,,,,,,,,,,,,,43.672,44.126,44.752,44.96,43.86,42.06,39.265,40.642,36.797,41.627,40.328,39.463,39.473,41.133,43.114,44.614,51.128,54.358,55.704,58.856,68.803,70.128,73.606,78.692,82.753,2024
903,ALL_Developing_Europe_15,Emerging and developing Europe,GGXWDG_NGDP,General government gross debt,"Gross debt consists of all liabilities that require payment or payments of interest and/or principal by the debtor to the creditor at a date or dates in the future. This includes debt liabilities in the form of SDRs, currency and deposits, debt securities, loans, insurance, pensions and standardized guarantee schemes, and other accounts payable. Thus, all liabilities in the GFSM 2NANA1 system are debt, except for equity and investment fund shares and financial derivatives and employee stock options. Debt can be valued at current market, nominal, or face values (GFSM 2NANA1, paragraph 7.11NA).",Percent of GDP,Units,,,,,,,,,,,,,,,,,,,,,,50.979,50.528,47.917,43.897,37.21,32.06,26.754,23.345,23.497,28.856,28.523,27.246,26.02,26.99,29.227,30.991,31.794,29.857,29.515,29.023,37.677,34.938,32.606,34.575,35.137,2024
205,ALL_Developing_LatinA_Caribbean_33,Latin America and the Caribbean,GGXWDG_NGDP,General government gross debt,"Gross debt consists of all liabilities that require payment or payments of interest and/or principal by the debtor to the creditor at a date or dates in the future. This includes debt liabilities in the form of SDRs, currency and deposits, debt securities, loans, insurance, pensions and standardized guarantee schemes, and other accounts payable. Thus, all liabilities in the GFSM 2NANA1 system are debt, except for equity and investment fund shares and financial derivatives and employee stock options. Debt can be valued at current market, nominal, or face values (GFSM 2NANA1, paragraph 7.11NA).",Percent of GDP,Units,,,,,,,,,,,,,,,,,,,,,,44.554,46.414,56.73,57.341,53.402,49.305,46.618,45.341,45.35,48.328,47.423,47.511,47.649,48.842,50.77,56.643,60.292,62.577,66.33,67.285,76.182,70.475,67.967,73.942,69.391,2024
400,ALL_Developing_MEast_CAsia_32,Middle East and Central Asia,GGXWDG_NGDP,General government gross debt,"Gross debt consists of all liabilities that require payment or payments of interest and/or principal by the debtor to the creditor at a date or dates in the future. This includes debt liabilities in the form of SDRs, currency and deposits, debt securities, loans, insurance, pensions and standardized guarantee schemes, and other accounts payable. Thus, all liabilities in the GFSM 2NANA1 system are debt, except for equity and investment fund shares and financial derivatives and employee stock options. Debt can be valued at current market, nominal, or face values (GFSM 2NANA1, paragraph 7.11NA).",Percent of GDP,Units,,,,,,,,,,,,,,,,,,,,,55.882,,,59.006,53.154,53.421,41.347,32.666,28.088,24.072,29.877,27.017,24.898,25.768,25.756,25.767,35.411,42.61,43.323,42.23,45.575,56.1,52.009,44.886,45.958,45.395,2024
603,ALL_Developing_SSAfrica_45,Sub-Saharan Africa,GGXWDG_NGDP,General government gross debt,"Gross debt consists of all liabilities that require payment or payments of interest and/or principal by the debtor to the creditor at a date or dates in the future. This includes debt liabilities in the form of SDRs, currency and deposits, debt securities, loans, insurance, pensions and standardized guarantee schemes, and other accounts payable. Thus, all liabilities in the GFSM 2NANA1 system are debt, except for equity and investment fund shares and financial derivatives and employee stock options. Debt can be valued at current market, nominal, or face values (GFSM 2NANA1, paragraph 7.11NA).",Percent of GDP,Units,,,,,,,,,,,,,,,,,,,,,,62.429,59.277,52.649,47.631,43.106,35.682,27.186,23.681,23.117,26.307,25.37,27.535,27.477,29.533,31.446,37.113,41.76,43.72,46.558,48.977,56.255,55.618,56.45,59.853,59.727,2024
1,ALL,World,LUR,Unemployment rate,,Percent of total labor force,Units,,,,,,,,,,,,,,,,,,,,,,,,,,,,,,,,,,,,,,,,,,,,,,,1980
110,ALL_Advanced_41,Advanced economies,LUR,Unemployment rate,,Percent of total labor force,Units,,5.59,6.331,7.598,7.918,7.506,7.353,7.26,6.89,6.341,5.885,5.808,6.45,7.103,7.583,7.445,7.135,7.138,6.891,6.865,6.633,6.107,6.147,6.605,6.809,6.612,6.34,5.888,5.495,5.885,8.09,8.357,8.027,8.085,7.984,7.335,6.728,6.26,5.679,5.136,4.832,6.615,5.618,4.5,4.435,4.638,2024
163,ALL_Advanced_Euro_20,Euro area,LUR,Unemployment rate,,Percent of total labor force,Units,,,,,,,,,,,,,8.21,9.11,9.958,10.617,10.65,10.8,10.8,10.483,9.792,9.058,8.525,8.758,9.192,9.4,9.233,8.5,7.65,7.683,9.65,10.267,10.308,11.5,12.142,11.725,10.967,10.108,9.125,8.225,7.583,7.967,7.758,6.758,6.567,6.504,2024
119,ALL_Advanced_G7,Major advanced economies (G7),LUR,Unemployment rate,,Percent of total labor force,Units,,5.625,6.372,7.777,7.938,7.281,7.128,7.07,6.727,6.143,5.73,5.689,6.32,6.932,7.094,6.892,6.625,6.655,6.437,6.265,6.064,5.658,5.885,6.452,6.628,6.374,6.17,5.776,5.426,5.864,7.995,8.121,7.625,7.359,7.08,6.364,5.796,5.446,4.978,4.535,4.273,6.486,5.214,4.073,4.059,4.301,2024
123,ALL_BRICS_20,Other advanced economies (Advanced economies excluding G7 and euro area),LUR,Unemployment rate,,Percent of total labor force,Units,,4.177,4.18,4.58,5.269,4.966,4.704,4.339,3.864,3.523,3.53,3.712,4.447,5.063,5.611,5.01,4.522,4.675,4.874,6.194,6.082,5.083,5.2,5.202,5.449,5.293,5.074,4.637,4.156,3.983,5.275,5.152,4.664,4.604,4.581,4.588,4.464,4.349,4.151,3.973,3.929,4.628,4.308,3.429,3.343,3.597,2024
998,ALL_EUR_27,European Union,LUR,Unemployment rate,,Percent of total labor force,Units,,,,,,,,,,,,,,,,,,,,,,,,,,,,,,,,,,,,,,,,,,,,,,,1980
510,ALL_ASEAN_5,ASEAN-5,LUR,Unemployment rate,,Percent of total labor force,Units,,,,,,,,,,,,,,,,,,,,,,,,,,,,,,,,,,,,,,,,,,,,,,,1980
200,ALL_Developing_155,Emerging market and developing economies,LUR,Unemployment rate,,Percent of total labor force,Units,,,,,,,,,,,,,,,,,,,,,,,,,,,,,,,,,,,,,,,,,,,,,,,1980
505,ALL_Developing_Asia_30,Emerging and developing Asia,LUR,Unemployment rate,,Percent of total labor force,Units,,,,,,,,,,,,,,,,,,,,,,,,,,,,,,,,,,,,,,,,,,,,,,,1980
903,ALL_Developing_Europe_15,Emerging and developing Europe,LUR,Unemployment rate,,Percent of total labor force,Units,,,,,,,,,,,,,,,,,,,,,,,,,,,,,,,,,,,,,,,,,,,,,,,1980
205,ALL_Developing_LatinA_Caribbean_33,Latin America and the Caribbean,LUR,Unemployment rate,,Percent of total labor force,Units,,,,,,,,,,,,,,,,,,,,,,,,,,,,,,,,,,,,,,,,,,,,,,,1980
400,ALL_Developing_MEast_CAsia_32,Middle East and Central Asia,LUR,Unemployment rate,,Percent of total labor force,Units,,,,,,,,,,,,,,,,,,,,,,,,,,,,,,,,,,,,,,,,,,,,,,,1980
603,ALL_Developing_SSAfrica_45,Sub-Saharan Africa,LUR,Unemployment rate,,Percent of total labor force,Units,,,,,,,,,,,,,,,,,,,,,,,,,,,,,,,,,,,,,,,,,,,,,,,1980
1,ALL,World,NGDP_RPCH,"Gross domestic product, constant prices",,Percent change,Units,,2.228,2.01,0.747,2.717,4.632,3.656,3.377,3.947,4.524,3.73,3.226,2.427,2.18,1.949,3.154,3.294,3.858,4.014,2.645,3.578,4.77,2.474,2.787,3.783,5.254,4.685,5.266,5.326,2.895,-0.379,5.208,4.048,3.344,3.358,3.508,3.431,3.257,3.837,3.633,2.913,-2.687,6.573,3.551,3.325,3.232,2024
110,ALL_Advanced_41,Advanced economies,NGDP_RPCH,"Gross domestic product, constant prices",,Percent change,Units,,1.32,1.83,0.236,3.177,4.811,3.686,3.276,3.788,4.747,3.981,3.051,1.618,2.241,1.295,3.369,2.945,3.046,3.531,2.824,3.626,4.16,1.574,1.637,2.026,3.25,2.825,3.079,2.751,0.313,-3.368,3.112,1.762,1.164,1.493,2.103,2.397,1.829,2.582,2.276,1.864,-3.973,5.968,2.919,1.733,1.776,2024
163,ALL_Advanced_Euro_20,Euro area,NGDP_RPCH,"Gross domestic product, constant prices",,Percent change,Units,,,,,,,,,,,,,,1.386,-0.786,2.498,2.896,1.698,2.692,2.979,2.985,3.847,2.14,0.899,0.736,2.287,1.758,3.302,3.003,0.433,-4.464,2.132,1.723,-0.888,-0.173,1.412,2.085,1.839,2.614,1.753,1.613,-6.088,6.214,3.316,0.391,0.831,2024
119,ALL_Advanced_G7,Major advanced economies (G7),NGDP_RPCH,"Gross domestic product, constant prices",,Percent change,Units,,0.927,1.812,-0.057,3.327,4.975,3.773,3.078,3.49,4.678,3.807,2.785,1.259,2.139,1.141,3.047,2.508,2.761,3.233,2.896,3.216,3.811,1.265,1.135,1.864,2.882,2.563,2.601,2.075,-0.048,-3.716,2.884,1.652,1.342,1.539,1.969,2.177,1.583,2.357,2.091,1.748,-4.216,5.787,2.614,1.857,1.734,2024
123,ALL_BRICS_20,Other advanced economies (Advanced economies excluding G7 and euro area),NGDP_RPCH,"Gross domestic product, constant prices",,Percent change,Units,,3.644,4.159,2.189,3.962,6.548,4.363,5.487,6.487,5.472,4.612,4.364,3.745,3.913,4.195,6.159,5.324,4.842,4.593,0.976,5.558,5.915,2.159,3.943,2.722,5.207,4.157,4.845,5.153,1.816,-0.845,5.964,3.446,2.246,2.6,2.971,2.357,2.688,3.169,2.801,2.038,-1.599,5.909,2.693,1.839,2.123,2024
998,ALL_EUR_27,European Union,NGDP_RPCH,"Gross domestic product, constant prices",,Percent change,Units,,1.796,-0.197,0.621,1.746,2.555,2.237,2.688,2.612,3.846,3.639,2.751,1.553,1.04,-0.584,2.719,2.907,2.083,2.666,2.953,2.928,3.962,2.244,1.255,1.152,2.751,2.165,3.77,3.342,0.868,-4.182,2.035,1.988,-0.68,-0.017,1.722,2.542,1.975,3.021,2.237,2.012,-5.561,6.422,3.651,0.563,1.121,2024
510,ALL_ASEAN_5,ASEAN-5,NGDP_RPCH,"Gross domestic product, constant prices",,Percent change,Units,,7.557,6.493,3.85,4.488,4.552,1.323,5.189,6.974,8.954,9.418,8.798,7.453,6.678,7.893,7.724,7.908,7.318,3.654,-8.682,3.107,5.627,2.728,4.87,5.516,6.157,5.281,5.66,6.378,4.939,1.912,7.614,4.64,6.183,4.919,4.392,4.566,4.79,5.194,4.957,4.211,-4.421,4.066,5.448,3.989,4.458,2024
200,ALL_Developing_155,Emerging market and developing economies,NGDP_RPCH,"Gross domestic product, constant prices",,Percent change,Units,,3.879,2.34,1.673,1.869,4.3,3.599,3.563,4.242,4.108,3.256,3.556,3.89,2.089,2.893,2.84,3.802,5.029,4.703,2.387,3.511,5.631,3.711,4.328,6.05,7.737,6.903,7.763,8.122,5.561,2.539,7.178,6.118,5.242,4.931,4.665,4.267,4.385,4.808,4.652,3.688,-1.755,7.003,3.996,4.418,4.21,2024
505,ALL_Developing_Asia_30,Emerging and developing Asia,NGDP_RPCH,"Gross domestic product, constant prices",,Percent change,Units,,6.847,5.773,5.023,6.918,7.407,6.515,6.133,7.087,9.326,6.248,5.936,5.948,8.76,8.918,9.214,8.847,8.351,6.029,2.861,6.592,6.364,5.952,6.519,8.216,8.381,8.887,9.693,10.607,7.013,7.405,9.168,7.516,6.963,6.848,6.849,6.812,6.812,6.628,6.416,5.301,-0.526,7.695,4.411,5.743,5.333,2024
903,ALL_Developing_Europe_15,Emerging and developing Europe,NGDP_RPCH,"Gross domestic product, constant prices",,Percent change,Units,,-0.842,-0.563,1.386,4.578,4.115,2.422,4.344,5.016,1.635,0.109,-0.399,-5.665,-8.774,-4.587,-8.744,-0.489,0.433,2.535,-0.798,2.599,7.453,2.816,4.791,6.211,7.935,6.167,7.412,7.221,4.316,-5.837,4.419,5.597,3.114,2.918,1.916,0.934,1.723,4.181,3.596,2.488,-1.77,7.097,0.627,3.331,3.18,2024
205,ALL_Developing_LatinA_Caribbean_33,Latin America and the Caribbean,NGDP_RPCH,"Gross domestic product, constant prices",,Percent change,Units,,6.301,1.435,-0.425,-3.03,3.874,2.838,3.809,3.334,1.038,0.913,0.898,3.961,3.588,4.054,4.572,1.125,3.75,5.564,2.953,0.193,3.648,0.509,0.147,2.05,5.993,4.393,5.586,5.529,3.851,-2.335,6.079,4.593,2.962,2.812,1.295,0.361,-0.763,1.387,1.134,0.162,-6.85,7.402,4.183,2.229,2.057,2024
400,ALL_Developing_MEast_CAsia_32,Middle East and Central Asia,NGDP_RPCH,"Gross domestic product, constant prices",,Percent change,Units,,-0.78,1.038,1.455,1.921,1.042,2.148,-1.144,1.121,1.793,3.955,6.849,6.733,4.668,0.458,1.561,1.912,4.712,3.295,3.822,2.563,5.456,3.35,3.286,6.036,8.352,5.922,6.381,6.034,4.864,1.659,5.209,4.421,4.449,2.894,3.367,2.915,4.33,2.609,2.73,1.86,-2.199,4.356,5.48,2.055,2.428,2024
603,ALL_Developing_SSAfrica_45,Sub-Saharan Africa,NGDP_RPCH,"Gross domestic product, constant prices",,Percent change,Units,,,,,,,,,,,,,0.092,-0.182,1.545,1.858,3.853,4.755,3.418,2.378,2.309,3.844,4.631,6.207,4.736,6.936,6.3,6.022,6.591,5.622,3.63,6.967,5.022,5.009,4.863,4.953,3.215,1.508,2.96,3.301,3.209,-1.559,4.798,4.115,3.567,3.57,2024
1,ALL,World,NGSD_NGDP,Gross national savings,,Percent of GDP,Units,,23.746,23.419,22.113,21.328,22.572,22.115,22.08,22.696,23.842,23.974,23.804,23.348,22.543,22.427,22.606,23.142,23.848,24.044,23.736,23.597,24.101,23.343,22.742,22.92,23.815,24.311,25.384,25.545,25.097,23.232,24.855,25.737,26.018,25.981,26.428,26.195,25.804,26.445,26.814,26.833,26.646,27.932,27.929,26.584,26.398,2024
110,ALL_Advanced_41,Advanced economies,NGSD_NGDP,Gross national savings,,Percent of GDP,Units,,23.491,23.419,22.438,21.644,23.063,22.574,22.72,23.089,24.391,24.291,23.639,23.449,22.682,22.405,22.693,23.23,24.076,24.38,24.193,23.736,23.865,22.831,21.898,21.642,22.264,22.385,23.085,22.662,21.252,19.313,20.719,21.35,21.651,21.741,22.372,22.639,22.372,22.954,23.064,23.27,22.578,23.54,23.176,22.422,22.278,2024
163,ALL_Advanced_Euro_20,Euro area,NGSD_NGDP,Gross national savings,,Percent of GDP,Units,,,,,,,,,,,,,22.878,22.263,21.874,22.182,22.581,22.328,23.011,23.233,23.238,22.669,22.698,22.365,22.055,23.013,22.623,23.585,24.156,22.806,20.705,21.392,22.167,21.713,22.192,22.81,23.53,24.001,24.43,24.943,25.482,24.48,26.531,25.411,25.525,24.991,2024
119,ALL_Advanced_G7,Major advanced economies (G7),NGSD_NGDP,Gross national savings,,Percent of GDP,Units,,23.358,23.525,22.398,21.382,22.753,22.209,22.227,22.565,23.798,23.613,22.914,22.971,22.215,21.777,21.971,22.373,23.464,23.697,23.601,23.015,23.102,22.02,20.9,20.35,20.949,21.086,21.753,21.208,19.679,17.685,18.921,19.769,20.122,20.102,20.847,21.053,20.729,21.293,21.487,21.8,20.697,21.25,20.981,20.319,20.307,2024
123,ALL_BRICS_20,Other advanced economies (Advanced economies excluding G7 and euro area),NGSD_NGDP,Gross national savings,,Percent of GDP,Units,,25.913,24.885,24.103,24.73,27.075,27.108,27.944,28.736,30.297,30.233,29.613,28.318,27.8,28.547,29.118,29.632,29.207,29.681,29.403,29.288,30.126,29.161,28.539,29.298,29.99,30.391,31.306,31.031,30.499,29.011,31.061,30.522,30.282,30.316,30.503,30.73,30.348,30.642,30.256,30.105,31.294,33.306,33.32,31.885,31.204,2024
998,ALL_EUR_27,European Union,NGSD_NGDP,Gross national savings,,Percent of GDP,Units,,23.104,21.143,20.931,21.036,21.533,21.602,22.476,21.988,23.104,23.536,23.117,22.434,21.588,20.992,21.577,22.501,22.256,22.945,23.159,23.128,22.706,22.741,22.38,22.13,22.924,22.608,23.617,24.136,22.985,20.826,21.509,22.318,21.855,22.334,22.952,23.661,24.022,24.396,24.827,25.418,24.605,26.402,25.429,25.379,24.73,2024
510,ALL_ASEAN_5,ASEAN-5,NGSD_NGDP,Gross national savings,,Percent of GDP,Units,,21.185,22.572,20.236,20.748,21.514,21.48,21.132,23.445,24.85,27.252,29.747,28.545,28.811,29.233,30.441,31.034,30.876,31.773,32.406,26.701,30.033,28.704,27.971,29.607,29.464,29.109,31.09,31.392,32.934,32.296,33.807,33.622,31.926,30.795,31.644,31.55,32.097,32.605,31.103,30.728,29.554,30.249,29.378,28.876,28.447,2024
200,ALL_Developing_155,Emerging market and developing economies,NGSD_NGDP,Gross national savings,,Percent of GDP,Units,,24.565,23.42,21.056,20.267,20.852,20.446,19.319,20.91,21.285,22.565,24.537,22.842,21.827,22.527,22.209,22.759,22.949,22.825,22.013,23.022,24.999,25.263,26.059,27.917,29.47,30.5,31.946,32.84,33.647,31.828,32.737,33.344,33.147,32.562,32.665,31.701,31.257,31.735,32.453,32.132,32.836,34.293,34.513,32.54,32.29,2024
505,ALL_Developing_Asia_30,Emerging and developing Asia,NGSD_NGDP,Gross national savings,,Percent of GDP,Units,,24.244,24.171,24.289,24.062,24.19,24.989,24.647,26.207,27.483,28.699,30.383,29.826,30.044,32.515,32.692,32.757,32.479,32.596,32.143,31.04,30.813,32.879,33.906,36.537,38.705,39.383,41.442,43.574,44.37,43.889,44.438,43.156,43.004,42.28,42.725,41.14,39.951,40.103,39.982,39.529,40.272,40.989,41.08,39.329,39.423,2024
903,ALL_Developing_Europe_15,Emerging and developing Europe,NGSD_NGDP,Gross national savings,,Percent of GDP,Units,,24.23,22.744,23.909,21.976,21.16,23.009,23.257,23.67,24.594,23.154,23.387,20.467,22.499,22.118,18.43,20.442,20.288,18.608,18.411,20.47,24.059,23.438,22.251,22.007,22.98,23.798,24.11,23.745,24.853,20.328,22.073,24.734,24.243,22.891,23.449,24.711,23.598,23.979,25.672,24.292,24.002,26.158,28.187,24.466,23.087,2024
205,ALL_Developing_LatinA_Caribbean_33,Latin America and the Caribbean,NGSD_NGDP,Gross national savings,,Percent of GDP,Units,,20.815,19.358,17.09,16.888,17.521,18.767,16.726,19.903,20.022,20.975,18.371,17.084,16.194,17.127,17.957,16.989,16.61,16.912,16.701,16.608,17.731,16.899,18.207,19.28,20.868,21.007,22.133,22.256,22.193,19.761,19.963,20.409,19.684,19.499,18.167,17.031,17.174,17.018,16.391,16.741,17.845,18.608,18.104,18.559,18.715,2024
400,ALL_Developing_MEast_CAsia_32,Middle East and Central Asia,NGSD_NGDP,Gross national savings,,Percent of GDP,Units,,35.706,34.012,25.02,22.247,23.177,17.562,15.688,16.631,15.675,19.242,28.339,27.108,21.443,19.268,19.076,22.106,23.888,23.553,21.095,24.426,30.64,29.669,28.085,31.344,32.326,36.729,38.574,38.96,40.47,32.132,34.868,38.72,37.304,35.309,32.767,24.27,23.677,26.135,28.601,26.958,22.122,27.805,32.788,29.563,28.053,2024
603,ALL_Developing_SSAfrica_45,Sub-Saharan Africa,NGSD_NGDP,Gross national savings,,Percent of GDP,Units,,17.911,15.628,12.581,13.144,13.848,14.048,13.568,14.072,13.85,14.477,17.332,15.697,15.335,13.615,13.738,13.804,14.949,16.818,15.977,14.802,17.974,16.317,17.482,18.006,20.156,22.25,23.101,22.394,22.227,20.486,20.706,19.916,19.661,19.138,18.5,17.065,18.108,19.526,20.018,20.066,20.267,22.029,19.984,19.461,18.969,2024
1,ALL,World,NID_NGDP,Investment,,Percent of GDP,Units,,26.601,25.979,24.582,24.157,25.127,24.761,24.59,24.91,25.821,26.274,25.827,25.058,24.268,23.791,24.172,24.339,24.219,24.141,23.838,23.845,24.31,23.609,22.949,23.128,23.822,24.203,24.766,25.311,25.307,23.255,24.488,25.24,25.391,25.441,25.751,25.791,25.476,25.966,26.506,26.47,26.374,27.085,27.431,26.439,26.22,2024
110,ALL_Advanced_41,Advanced economies,NID_NGDP,Investment,,Percent of GDP,Units,,26.496,25.775,24.253,23.955,25.335,24.846,24.845,25.215,26.048,26.331,25.925,24.992,24.258,23.643,24.012,24.326,24.222,24.126,23.879,23.966,24.422,23.273,22.439,22.371,22.833,23.328,23.765,23.705,23.04,19.972,20.819,21.394,21.351,21.256,21.626,21.852,21.702,22.134,22.451,22.652,22.432,22.742,23.438,22.598,22.228,2024
163,ALL_Advanced_Euro_20,Euro area,NID_NGDP,Investment,,Percent of GDP,Units,,,,,,,,,,,,,26.06,24.494,22.312,23.343,22.276,21.62,21.715,22.478,22.723,23.268,22.759,21.696,21.617,21.816,22.086,23.088,23.822,23.319,20.097,20.675,21.252,19.747,19.385,19.72,20.092,20.332,20.895,21.482,22.326,21.946,22.686,23.466,21.875,20.587,2024
119,ALL_Advanced_G7,Major advanced economies (G7),NID_NGDP,Investment,,Percent of GDP,Units,,26.279,25.747,24.035,23.857,25.429,24.883,24.858,25.228,25.935,26.08,25.585,24.718,24.041,23.452,23.732,23.937,23.8,23.644,23.577,23.62,24.027,22.867,21.95,21.766,22.154,22.604,22.931,22.59,21.879,18.937,19.84,20.486,20.603,20.701,21.123,21.31,21.058,21.453,21.822,21.902,21.645,22.017,22.83,22.103,21.859,2024
123,ALL_BRICS_20,Other advanced economies (Advanced economies excluding G7 and euro area),NID_NGDP,Investment,,Percent of GDP,Units,,28.654,27.537,26.794,25.888,26.718,26.486,26.729,27.061,28.436,29.038,28.891,27.727,27.056,27.075,28.147,28.864,28.454,28.308,26.219,26.311,27.113,25.42,25.018,25.087,25.861,26.365,26.906,27.534,27.428,24.815,25.868,26.451,26.313,25.558,25.655,25.185,25.294,25.813,25.846,25.468,25.871,26.21,26.272,25.649,25.056,2024
998,ALL_EUR_27,European Union,NID_NGDP,Investment,,Percent of GDP,Units,,27.517,24.938,24.361,23.68,23.878,23.727,23.411,23.534,24.457,25.11,25.31,24.231,23.159,21.297,21.721,22.266,21.703,21.855,22.618,22.803,23.424,22.869,21.835,21.748,22.0,22.233,23.298,24.19,23.761,20.381,20.936,21.517,20.082,19.665,20.085,20.517,20.665,21.2,21.812,22.478,22.117,23.058,24.422,22.623,21.389,2024
510,ALL_ASEAN_5,ASEAN-5,NID_NGDP,Investment,,Percent of GDP,Units,,30.675,34.312,33.647,35.101,31.598,31.008,29.724,30.778,32.026,35.333,37.935,38.449,36.528,33.771,34.367,35.444,35.145,34.118,23.534,20.367,25.543,24.593,24.053,24.212,25.306,25.812,25.208,24.955,28.172,25.05,28.002,28.271,29.83,29.329,28.705,27.689,28.186,28.673,28.93,27.918,25.716,27.226,26.802,25.794,25.776,2024
200,ALL_Developing_155,Emerging market and developing economies,NID_NGDP,Investment,,Percent of GDP,Units,,26.96,26.638,25.71,24.871,24.386,24.448,23.472,23.504,24.748,26.018,25.391,25.385,24.321,24.467,24.9,24.396,24.207,24.195,23.686,23.35,23.882,24.879,24.966,26.108,27.471,27.047,27.662,29.431,30.428,30.57,31.591,32.031,32.103,32.058,32.218,31.996,31.575,31.863,32.701,32.235,32.448,33.457,33.051,32.016,32.012,2024
505,ALL_Developing_Asia_30,Emerging and developing Asia,NID_NGDP,Investment,,Percent of GDP,Units,,29.039,29.071,28.361,28.095,27.905,30.465,28.906,29.368,31.62,32.6,32.471,32.493,33.883,35.192,34.27,34.681,33.848,32.857,29.879,29.454,29.48,31.667,32.088,34.355,36.657,36.52,36.475,37.605,38.702,40.536,41.956,42.265,42.024,41.532,41.235,39.286,38.66,39.19,40.228,39.077,38.711,39.805,39.717,38.311,38.584,2024
903,ALL_Developing_Europe_15,Emerging and developing Europe,NID_NGDP,Investment,,Percent of GDP,Units,,,,,,26.268,27.166,27.781,27.7,28.155,26.301,25.782,22.461,17.357,14.967,18.56,21.331,20.722,20.586,19.809,19.616,21.345,20.336,19.917,20.775,22.04,22.035,23.507,25.452,26.142,20.4,22.733,25.46,24.765,24.17,23.727,23.715,23.878,24.63,23.771,22.962,23.886,24.493,25.436,24.785,23.389,2024
205,ALL_Developing_LatinA_Caribbean_33,Latin America and the Caribbean,NID_NGDP,Investment,,Percent of GDP,Units,,23.76,23.911,22.121,17.897,18.31,19.231,18.229,20.476,20.801,20.716,18.423,19.109,19.571,21.084,22.593,18.994,18.851,20.065,20.833,19.435,19.976,19.276,18.982,18.697,19.962,19.842,20.749,22.102,23.274,20.607,22.069,22.552,22.329,22.495,21.467,20.541,19.315,18.793,19.108,18.812,18.056,20.471,20.376,19.663,19.649,2024
400,ALL_Developing_MEast_CAsia_32,Middle East and Central Asia,NID_NGDP,Investment,,Percent of GDP,Units,,28.558,26.689,26.843,30.65,27.685,23.506,22.261,19.543,20.557,24.812,28.001,30.587,24.84,23.486,22.058,22.187,22.884,22.529,24.514,23.721,24.611,27.259,25.414,26.34,26.56,25.507,25.962,28.93,29.413,30.759,29.184,26.661,26.398,26.145,27.313,27.725,27.025,26.966,26.018,26.707,25.67,24.707,25.036,26.467,26.566,2024
603,ALL_Developing_SSAfrica_45,Sub-Saharan Africa,NID_NGDP,Investment,,Percent of GDP,Units,,26.444,28.16,23.912,19.639,19.805,18.826,18.48,17.561,18.954,23.341,18.626,17.817,18.169,16.526,16.004,16.402,16.838,17.638,18.788,17.218,17.097,17.521,18.69,18.644,19.24,18.965,19.575,21.112,21.966,22.663,21.504,20.483,21.191,21.22,21.963,22.293,21.225,21.291,21.625,23.015,22.816,22.814,21.761,21.988,21.776,2024
1,ALL,World,PCPIPCH,"Inflation, average consumer prices",,Percent change,Units,,17.282,15.018,14.283,13.421,13.958,13.656,11.742,14.511,19.093,22.004,25.419,16.889,39.33,39.793,30.844,16.237,9.526,6.647,6.297,6.186,4.97,4.637,3.715,3.877,3.784,3.948,3.939,4.137,6.278,2.626,3.597,4.934,3.987,3.521,3.158,2.704,2.682,3.236,3.629,3.503,3.262,4.66,8.627,6.66,5.757,2024
110,ALL_Advanced_41,Advanced economies,PCPIPCH,"Inflation, average consumer prices",,Percent change,Units,,13.674,11.121,8.408,6.074,6.485,5.474,2.904,3.178,3.561,4.748,4.929,4.746,3.57,3.221,2.675,2.644,2.505,2.097,1.576,1.399,2.256,2.184,1.575,1.856,2.031,2.333,2.363,2.195,3.45,0.189,1.552,2.707,2.006,1.382,1.353,0.305,0.747,1.707,1.959,1.399,0.68,3.1,7.31,4.625,2.613,2024
163,ALL_Advanced_Euro_20,Euro area,PCPIPCH,"Inflation, average consumer prices",,Percent change,Units,,,,,,,,,,,,,,3.632,3.239,2.72,2.446,1.978,1.569,1.102,1.101,2.102,2.343,2.251,2.081,2.145,2.179,2.182,2.135,3.273,0.291,1.621,2.714,2.498,1.351,0.432,0.193,0.235,1.538,1.755,1.196,0.252,2.588,8.384,5.422,2.353,2024
119,ALL_Advanced_G7,Major advanced economies (G7),PCPIPCH,"Inflation, average consumer prices",,Percent change,Units,,12.451,10.344,7.354,4.844,4.643,3.928,2.09,2.764,3.204,4.446,4.447,4.362,3.219,2.866,2.214,2.29,2.198,1.945,1.244,1.374,2.128,1.935,1.309,1.762,1.986,2.328,2.339,2.167,3.2,-0.068,1.385,2.604,1.921,1.333,1.51,0.31,0.784,1.759,2.089,1.481,0.792,3.334,7.331,4.696,2.62,2024
123,ALL_BRICS_20,Other advanced economies (Advanced economies excluding G7 and euro area),PCPIPCH,"Inflation, average consumer prices",,Percent change,Units,,25.571,15.878,13.058,11.776,18.109,15.905,5.938,5.305,5.659,6.121,7.05,6.258,3.945,3.669,3.88,3.972,3.63,2.833,3.145,0.909,2.141,2.515,1.693,1.663,1.937,2.104,2.116,2.048,4.346,1.404,2.238,2.976,2.027,1.53,1.402,0.57,0.948,1.47,1.551,1.082,0.477,2.365,5.655,4.291,2.445,2024
998,ALL_EUR_27,European Union,PCPIPCH,"Inflation, average consumer prices",,Percent change,Units,,11.999,12.138,14.561,9.24,9.934,6.162,4.147,4.033,5.901,15.388,30.02,14.763,11.409,11.767,8.371,5.51,5.409,12.595,3.395,2.527,3.616,3.397,2.775,2.385,2.527,2.372,2.35,2.394,3.734,0.787,1.79,2.847,2.615,1.4,0.401,0.106,0.149,1.59,1.865,1.442,0.681,2.888,9.326,6.278,2.56,2024
510,ALL_ASEAN_5,ASEAN-5,PCPIPCH,"Inflation, average consumer prices",,Percent change,Units,,16.635,12.001,7.815,7.241,13.94,6.861,2.92,5.3,6.521,6.25,7.309,8.954,6.158,6.559,7.19,6.989,6.481,5.262,29.161,9.928,3.093,6.224,5.784,3.767,4.135,6.732,7.858,3.977,7.791,2.573,3.906,4.649,3.417,4.124,4.22,3.007,2.024,2.786,2.567,1.871,0.915,1.996,4.794,3.504,2.307,2024
200,ALL_Developing_155,Emerging market and developing economies,PCPIPCH,"Inflation, average consumer prices",,Percent change,Units,,26.622,23.511,27.121,30.114,32.358,33.289,31.783,40.801,57.353,65.532,78.854,44.717,122.103,122.767,90.902,40.907,21.094,13.83,13.8,13.782,9.117,8.287,6.79,6.659,6.098,5.989,5.843,6.376,9.401,5.153,5.629,7.069,5.806,5.42,4.712,4.738,4.274,4.444,4.906,5.094,5.18,5.794,9.585,8.091,7.927,2024
505,ALL_Developing_Asia_30,Emerging and developing Asia,PCPIPCH,"Inflation, average consumer prices",,Percent change,Units,,,11.462,8.627,9.074,9.283,9.423,11.572,11.653,15.318,11.505,8.267,10.377,8.433,9.933,14.177,11.76,8.16,4.718,10.586,3.438,2.082,3.032,2.667,2.977,4.302,3.822,4.602,5.333,7.788,2.875,5.079,6.273,4.665,4.614,3.463,2.646,2.777,2.443,2.662,3.289,3.206,2.283,3.879,2.4,2.094,2024
903,ALL_Developing_Europe_15,Emerging and developing Europe,PCPIPCH,"Inflation, average consumer prices",,Percent change,Units,,28.945,16.991,36.371,16.965,32.107,17.876,16.12,20.119,39.676,68.794,131.512,89.174,653.202,528.179,226.783,135.576,51.336,40.252,35.608,56.122,28.723,24.791,17.43,12.776,9.194,9.79,8.079,8.067,12.306,8.893,6.593,7.896,6.185,5.516,6.587,10.85,5.633,5.616,6.294,6.477,5.135,9.003,25.198,17.08,16.872,2024
205,ALL_Developing_LatinA_Caribbean_33,Latin America and the Caribbean,PCPIPCH,"Inflation, average consumer prices",,Percent change,Units,,49.862,51.505,63.379,92.646,97.291,113.301,93.626,134.502,235.017,295.646,416.522,130.872,174.404,243.803,249.318,40.181,21.132,12.824,9.779,9.965,8.905,6.925,6.379,8.993,6.062,5.361,4.198,4.227,6.469,4.555,4.198,5.121,4.571,4.53,4.836,5.318,5.433,6.287,6.658,7.641,6.467,9.923,14.22,14.778,16.752,2024
400,ALL_Developing_MEast_CAsia_32,Middle East and Central Asia,PCPIPCH,"Inflation, average consumer prices",,Percent change,Units,,11.895,11.187,9.605,8.982,7.725,7.102,12.915,17.649,13.173,10.993,7.446,14.593,18.654,42.428,41.485,27.505,14.158,8.876,6.766,5.757,3.912,3.961,5.045,5.232,6.117,6.905,7.766,10.021,12.439,7.137,6.847,9.78,9.243,8.594,6.572,5.431,5.341,6.968,9.604,7.422,10.331,11.939,13.355,15.578,14.629,2024
603,ALL_Developing_SSAfrica_45,Sub-Saharan Africa,PCPIPCH,"Inflation, average consumer prices",,Percent change,Units,,,,,,,,,,,,,,,,,,42.535,17.975,10.014,14.699,18.086,15.093,11.16,11.827,9.567,9.604,7.583,5.313,12.972,9.696,7.905,9.471,8.904,6.463,6.178,6.56,10.013,10.571,8.4,8.678,11.2,11.554,15.184,17.576,18.079,2024
1,ALL,World,PPPPC,"Gross domestic product per capita, current prices",,Purchasing power parity; international dollars,Units,,,,,,,,,,,,,,,,,,,,,,,,,,,,,,,,,,,,,,,,,,,,,,,1980
110,ALL_Advanced_41,Advanced economies,PPPPC,"Gross domestic product per capita, current prices",,Purchasing power parity; international dollars,Units,,10426.627,11528.772,12181.924,12977.294,14006.45,14895.098,15599.5,16489.285,17762.954,19057.425,20197.075,21016.8,21661.478,22175.319,23250.995,24115.937,25140.537,26307.055,27178.218,28380.786,30040.28,31012.453,31801.682,32879.334,34646.429,36506.458,38541.561,40395.749,41017.761,39634.38,41135.103,42479.04,43554.404,44754.763,46269.49,47558.775,48633.947,50567.752,52638.22,55079.351,54121.158,59750.501,65597.989,68728.352,71287.805,2024
163,ALL_Advanced_Euro_20,Euro area,PPPPC,"Gross domestic product per capita, current prices",,Purchasing power parity; international dollars,Units,,,,,,,,,,,,,,,,,,,,,,,,,,,,,,,,,,,,,,,,,,,,,,,1980
119,ALL_Advanced_G7,Major advanced economies (G7),PPPPC,"Gross domestic product per capita, current prices",,Purchasing power parity; international dollars,Units,,11243.209,12444.553,13124.281,14014.689,15160.77,16142.423,16879.46,17801.924,19170.902,20534.851,21702.847,22511.398,23330.896,23969.143,25058.485,26059.282,27097.793,28273.835,29232.436,30410.47,32086.58,33019.874,33709.967,34808.757,36559.696,38437.73,40422.588,42130.944,42672.565,41117.259,42602.287,43964.319,45171.018,46427.515,47927.054,49166.783,50160.183,52051.217,54107.157,56493.088,55363.026,60733.158,66539.664,69901.304,72520.464,2024
123,ALL_BRICS_20,Other advanced economies (Advanced economies excluding G7 and euro area),PPPPC,"Gross domestic product per capita, current prices",,Purchasing power parity; international dollars,Units,,6759.027,7597.304,8125.406,8657.962,9450.204,10073.349,10725.537,11564.922,12474.492,13410.978,14343.888,15163.674,15925.564,16792.628,18000.63,18873.822,19934.124,21015.717,21250.789,22559.392,24216.983,25135.198,26347.373,27436.446,29456.075,31446.809,33700.516,36075.71,37035.523,36593.148,38907.576,40718.36,42046.9,43542.532,45250.196,46347.624,47654.537,49717.773,51931.977,53932.81,54481.539,61298.302,66860.692,69737.653,72479.87,2024
998,ALL_EUR_27,European Union,PPPPC,"Gross domestic product per capita, current prices",,Purchasing power parity; international dollars,Units,,9758.207,10603.102,11287.865,11898.476,12617.953,13279.927,13876.944,14556.64,15600.594,16730.65,17698.695,18457.969,18760.687,18844.419,19738.249,20476.204,21256.465,22161.807,23049.085,24019.748,25500.997,26617.854,27308.912,28071.079,29506.553,30963.053,33007.17,34902.426,35766.348,34376.025,35440.349,36803.305,37162.199,37734.814,38994.832,40229.068,41323.271,43257.86,45254.323,48782.405,47665.022,52766.089,58482.155,60687.995,62659.606,2024
510,ALL_ASEAN_5,ASEAN-5,PPPPC,"Gross domestic product per capita, current prices",,Purchasing power parity; international dollars,Units,,1498.945,1710.172,1846.166,1963.197,2076.665,2122.114,2230.208,2394.285,2645.505,2947.709,3256.878,3553.876,3808.249,4132.444,4468.022,4836.733,5179.0,5373.367,4874.485,5022.19,5370.953,5552.378,5823.658,6174.696,6631.919,7096.489,7621.456,8213.465,8656.274,8748.701,9396.437,9875.271,10539.176,11093.47,11630.815,12131.094,12672.432,13421.067,14313.148,15044.748,14422.355,15743.817,17624.797,18803.078,19922.121,2024
200,ALL_Developing_155,Emerging market and developing economies,PPPPC,"Gross domestic product per capita, current prices",,Purchasing power parity; international dollars,Units,,1503.054,1643.573,1728.478,1785.446,1885.083,1971.825,2034.654,2122.124,2236.894,2343.129,2441.708,2567.322,3063.204,3163.903,3245.861,3374.816,3542.648,3709.36,3741.322,3869.15,4115.842,4298.13,4473.099,4767.393,5194.855,5645.544,6181.18,6763.834,7172.7,7275.057,7779.851,8301.468,8741.752,9192.972,9643.749,10000.875,10382.081,10920.573,11634.11,12263.461,12207.968,13619.964,15016.841,16076.478,17062.135,2024
505,ALL_Developing_Asia_30,Emerging and developing Asia,PPPPC,"Gross domestic product per capita, current prices",,Purchasing power parity; international dollars,Units,,529.988,602.353,658.512,718.09,782.518,845.977,898.188,964.626,1070.837,1160.023,1252.18,1346.63,1471.219,1612.01,1768.468,1934.495,2100.932,2230.767,2250.519,2398.745,2575.57,2753.208,2939.821,3204.71,3524.506,3911.45,4372.848,4911.685,5299.644,5666.242,6197.943,6727.617,7251.295,7799.802,8392.603,8964.591,9570.376,10291.935,11156.575,11998.491,12170.136,13594.508,15127.73,16488.176,17681.257,2024
903,ALL_Developing_Europe_15,Emerging and developing Europe,PPPPC,"Gross domestic product per capita, current prices",,Purchasing power parity; international dollars,Units,,4541.08,4862.634,5163.348,5534.621,5896.595,6159.985,6486.731,6904.047,7203.096,7426.035,7557.31,7291.569,8883.018,8610.625,7953.833,8043.36,8128.599,8458.506,8461.691,8749.156,9604.57,10093.376,10768.308,11679.214,12950.962,14190.587,15718.661,17303.083,18388.38,17356.653,18298.632,19673.001,20607.304,21487.711,22202.567,22510.049,23046.0,24371.311,26106.135,28165.433,28783.01,33612.013,36744.987,39451.096,41776.18,2024
205,ALL_Developing_LatinA_Caribbean_33,Latin America and the Caribbean,PPPPC,"Gross domestic product per capita, current prices",,Purchasing power parity; international dollars,Units,,4742.475,5123.759,5295.889,5214.413,5494.473,5710.923,5917.596,6143.56,6298.619,6459.169,6592.137,6947.084,7219.238,7552.825,7870.803,7971.644,8243.94,8710.776,8923.018,8925.498,9297.289,9419.442,9431.475,9678.171,10392.353,11045.008,11872.046,12704.756,13280.594,12881.366,13657.067,14415.999,14946.142,15457.153,15753.447,15773.39,15613.57,15944.706,16514.673,16761.279,15992.333,17951.788,19900.35,20920.535,21684.477,2024
400,ALL_Developing_MEast_CAsia_32,Middle East and Central Asia,PPPPC,"Gross domestic product per capita, current prices",,Purchasing power parity; international dollars,Units,,3960.446,4220.925,4323.12,4400.246,4425.275,4505.319,4371.015,4388.897,4488.461,4665.115,4930.418,5310.788,5200.049,5281.764,5350.152,5460.603,5707.936,5872.798,6048.772,6171.125,6530.619,6767.883,6763.837,7063.363,7658.687,8187.234,8761.455,9319.832,9717.39,9710.615,10110.564,10703.82,10845.294,11063.056,11333.788,11484.086,11813.631,12040.046,12676.248,12753.184,12117.929,13204.288,14608.615,15149.899,16256.371,2024
603,ALL_Developing_SSAfrica_45,Sub-Saharan Africa,PPPPC,"Gross domestic product per capita, current prices",,Purchasing power parity; international dollars,Units,,1305.681,1433.863,1487.214,1499.891,1561.968,1578.124,1609.285,1645.021,1718.086,1777.895,1785.243,1791.418,1768.373,1782.151,1800.974,1858.451,1928.935,1969.661,2002.586,2023.352,2079.957,2163.43,2264.33,2350.748,2508.232,2675.563,2844.614,3026.332,3163.252,3203.935,3368.301,3478.494,3613.431,3746.534,3890.907,3942.704,3928.656,4004.554,4086.227,4270.636,4230.127,4558.02,4953.468,5178.623,5350.927,2024
1,ALL,World,PPPSH,Gross domestic product based on purchasing-power-parity (PPP) share of world total,"These data form the basis for the country weights used to generate the World Economic Outlook country group composites for the domestic economy.   The IMF is not a primary source for purchasing power parity (PPP) data. WEO weights have been created from primary sources and are used solely for purposes of generating country group composites. For primary source information, please refer to one of the following sources: the Organization for Economic Cooperation and Development, the World Bank, or the Penn World Tables.  For further information see Box A2 in the Statistical Appendix of the October 2NA24 WEO, Box 1.1 in the October 2NA2NA World Economic Outlook, ""Revised Purchasing Power Parity Weights"" in the July 2NA14 WEO Update, Box A2 in the April 2NANA4 World Economic Outlook, Box A1 in the May 2NANANA World Economic Outlook, and Annex IV in the May 1993 World Economic Outlook for summaries of the revised PPP-based weights; and Box 1.2 in the September 2NANA3 World Economic Outlook for a discussion on the measurement of global growth. See also Anne Marie Gulde and Marianne Schulze-Ghattas, Purchasing Power Parity Based Weights for the World Economic Outlook, in Staff Studies for the World Economic Outlook (Washington: IMF, December 1993), pp. 1NA6-23.",Percent,Units,,,,,,,,,,,,,,,,,,,,,,,,,,,,,,,,,,,,,,,,,,,,,,,1980
110,ALL_Advanced_41,Advanced economies,PPPSH,Gross domestic product based on purchasing-power-parity (PPP) share of world total,"These data form the basis for the country weights used to generate the World Economic Outlook country group composites for the domestic economy.   The IMF is not a primary source for purchasing power parity (PPP) data. WEO weights have been created from primary sources and are used solely for purposes of generating country group composites. For primary source information, please refer to one of the following sources: the Organization for Economic Cooperation and Development, the World Bank, or the Penn World Tables.  For further information see Box A2 in the Statistical Appendix of the October 2NA24 WEO, Box 1.1 in the October 2NA2NA World Economic Outlook, ""Revised Purchasing Power Parity Weights"" in the July 2NA14 WEO Update, Box A2 in the April 2NANA4 World Economic Outlook, Box A1 in the May 2NANANA World Economic Outlook, and Annex IV in the May 1993 World Economic Outlook for summaries of the revised PPP-based weights; and Box 1.2 in the September 2NANA3 World Economic Outlook for a discussion on the measurement of global growth. See also Anne Marie Gulde and Marianne Schulze-Ghattas, Purchasing Power Parity Based Weights for the World Economic Outlook, in Staff Studies for the World Economic Outlook (Washington: IMF, December 1993), pp. 1NA6-23.",Percent,Units,,64.774,64.612,64.407,64.782,64.952,65.0,64.995,64.91,65.112,65.344,64.825,64.392,59.323,59.122,59.397,59.471,59.039,58.732,58.81,58.862,58.331,57.867,57.242,56.345,55.326,54.381,53.297,52.054,50.799,49.402,48.446,47.496,46.55,45.738,45.145,44.723,44.146,43.639,42.881,42.512,42.029,41.559,41.337,40.709,40.169,2024
163,ALL_Advanced_Euro_20,Euro area,PPPSH,Gross domestic product based on purchasing-power-parity (PPP) share of world total,"These data form the basis for the country weights used to generate the World Economic Outlook country group composites for the domestic economy.   The IMF is not a primary source for purchasing power parity (PPP) data. WEO weights have been created from primary sources and are used solely for purposes of generating country group composites. For primary source information, please refer to one of the following sources: the Organization for Economic Cooperation and Development, the World Bank, or the Penn World Tables.  For further information see Box A2 in the Statistical Appendix of the October 2NA24 WEO, Box 1.1 in the October 2NA2NA World Economic Outlook, ""Revised Purchasing Power Parity Weights"" in the July 2NA14 WEO Update, Box A2 in the April 2NANA4 World Economic Outlook, Box A1 in the May 2NANANA World Economic Outlook, and Annex IV in the May 1993 World Economic Outlook for summaries of the revised PPP-based weights; and Box 1.2 in the September 2NANA3 World Economic Outlook for a discussion on the measurement of global growth. See also Anne Marie Gulde and Marianne Schulze-Ghattas, Purchasing Power Parity Based Weights for the World Economic Outlook, in Staff Studies for the World Economic Outlook (Washington: IMF, December 1993), pp. 1NA6-23.",Percent,Units,,,,,,,,,,,,,,,,,,,,,,,,,,,,,,,,,,,,,,,,,,,,,,,1980
119,ALL_Advanced_G7,Major advanced economies (G7),PPPSH,Gross domestic product based on purchasing-power-parity (PPP) share of world total,"These data form the basis for the country weights used to generate the World Economic Outlook country group composites for the domestic economy.   The IMF is not a primary source for purchasing power parity (PPP) data. WEO weights have been created from primary sources and are used solely for purposes of generating country group composites. For primary source information, please refer to one of the following sources: the Organization for Economic Cooperation and Development, the World Bank, or the Penn World Tables.  For further information see Box A2 in the Statistical Appendix of the October 2NA24 WEO, Box 1.1 in the October 2NA2NA World Economic Outlook, ""Revised Purchasing Power Parity Weights"" in the July 2NA14 WEO Update, Box A2 in the April 2NANA4 World Economic Outlook, Box A1 in the May 2NANANA World Economic Outlook, and Annex IV in the May 1993 World Economic Outlook for summaries of the revised PPP-based weights; and Box 1.2 in the September 2NANA3 World Economic Outlook for a discussion on the measurement of global growth. See also Anne Marie Gulde and Marianne Schulze-Ghattas, Purchasing Power Parity Based Weights for the World Economic Outlook, in Staff Studies for the World Economic Outlook (Washington: IMF, December 1993), pp. 1NA6-23.",Percent,Units,,51.978,51.845,51.532,51.918,52.141,52.225,52.13,51.93,52.065,52.167,51.625,51.11,46.846,46.507,46.584,46.071,45.615,45.247,45.348,45.215,44.659,44.149,43.465,42.718,41.801,40.985,39.987,38.805,37.738,36.574,35.802,35.07,34.438,33.855,33.374,33.003,32.5,32.058,31.443,31.081,30.653,30.133,29.888,29.482,29.079,2024
123,ALL_BRICS_20,Other advanced economies (Advanced economies excluding G7 and euro area),PPPSH,Gross domestic product based on purchasing-power-parity (PPP) share of world total,"These data form the basis for the country weights used to generate the World Economic Outlook country group composites for the domestic economy.   The IMF is not a primary source for purchasing power parity (PPP) data. WEO weights have been created from primary sources and are used solely for purposes of generating country group composites. For primary source information, please refer to one of the following sources: the Organization for Economic Cooperation and Development, the World Bank, or the Penn World Tables.  For further information see Box A2 in the Statistical Appendix of the October 2NA24 WEO, Box 1.1 in the October 2NA2NA World Economic Outlook, ""Revised Purchasing Power Parity Weights"" in the July 2NA14 WEO Update, Box A2 in the April 2NANA4 World Economic Outlook, Box A1 in the May 2NANANA World Economic Outlook, and Annex IV in the May 1993 World Economic Outlook for summaries of the revised PPP-based weights; and Box 1.2 in the September 2NANA3 World Economic Outlook for a discussion on the measurement of global growth. See also Anne Marie Gulde and Marianne Schulze-Ghattas, Purchasing Power Parity Based Weights for the World Economic Outlook, in Staff Studies for the World Economic Outlook (Washington: IMF, December 1993), pp. 1NA6-23.",Percent,Units,,5.746,5.86,5.953,6.024,6.139,6.182,6.306,6.452,6.508,6.568,6.594,6.678,6.223,6.36,6.559,7.082,7.151,7.188,7.061,7.194,7.251,7.26,7.341,7.275,7.277,7.245,7.221,7.216,7.147,7.131,7.18,7.155,7.088,7.04,7.008,6.938,6.906,6.865,6.789,6.7,6.8,6.842,6.788,6.681,6.614,2024
998,ALL_EUR_27,European Union,PPPSH,Gross domestic product based on purchasing-power-parity (PPP) share of world total,"These data form the basis for the country weights used to generate the World Economic Outlook country group composites for the domestic economy.   The IMF is not a primary source for purchasing power parity (PPP) data. WEO weights have been created from primary sources and are used solely for purposes of generating country group composites. For primary source information, please refer to one of the following sources: the Organization for Economic Cooperation and Development, the World Bank, or the Penn World Tables.  For further information see Box A2 in the Statistical Appendix of the October 2NA24 WEO, Box 1.1 in the October 2NA2NA World Economic Outlook, ""Revised Purchasing Power Parity Weights"" in the July 2NA14 WEO Update, Box A2 in the April 2NANA4 World Economic Outlook, Box A1 in the May 2NANANA World Economic Outlook, and Annex IV in the May 1993 World Economic Outlook for summaries of the revised PPP-based weights; and Box 1.2 in the September 2NANA3 World Economic Outlook for a discussion on the measurement of global growth. See also Anne Marie Gulde and Marianne Schulze-Ghattas, Purchasing Power Parity Based Weights for the World Economic Outlook, in Staff Studies for the World Economic Outlook (Washington: IMF, December 1993), pp. 1NA6-23.",Percent,Units,,27.695,27.069,27.091,26.876,26.376,26.029,25.883,25.56,25.421,25.42,25.125,24.914,22.834,22.433,22.398,22.723,22.347,22.035,22.099,21.973,21.733,21.691,21.377,20.859,20.381,19.903,19.636,19.287,18.921,18.243,17.704,17.391,16.734,16.198,15.927,15.793,15.611,15.495,15.266,15.561,15.26,15.073,15.097,14.702,14.414,2024
510,ALL_ASEAN_5,ASEAN-5,PPPSH,Gross domestic product based on purchasing-power-parity (PPP) share of world total,"These data form the basis for the country weights used to generate the World Economic Outlook country group composites for the domestic economy.   The IMF is not a primary source for purchasing power parity (PPP) data. WEO weights have been created from primary sources and are used solely for purposes of generating country group composites. For primary source information, please refer to one of the following sources: the Organization for Economic Cooperation and Development, the World Bank, or the Penn World Tables.  For further information see Box A2 in the Statistical Appendix of the October 2NA24 WEO, Box 1.1 in the October 2NA2NA World Economic Outlook, ""Revised Purchasing Power Parity Weights"" in the July 2NA14 WEO Update, Box A2 in the April 2NANA4 World Economic Outlook, Box A1 in the May 2NANANA World Economic Outlook, and Annex IV in the May 1993 World Economic Outlook for summaries of the revised PPP-based weights; and Box 1.2 in the September 2NANA3 World Economic Outlook for a discussion on the measurement of global growth. See also Anne Marie Gulde and Marianne Schulze-Ghattas, Purchasing Power Parity Based Weights for the World Economic Outlook, in Staff Studies for the World Economic Outlook (Washington: IMF, December 1993), pp. 1NA6-23.",Percent,Units,,2.932,3.059,3.16,3.219,3.211,3.135,3.192,3.286,3.427,3.618,3.789,3.979,3.807,4.031,4.22,4.393,4.542,4.519,4.012,3.995,4.014,4.025,4.109,4.183,4.224,4.251,4.271,4.319,4.408,4.52,4.626,4.663,4.799,4.874,4.918,4.977,5.055,5.125,5.193,5.201,5.052,4.97,5.065,5.1,5.165,2024
200,ALL_Developing_155,Emerging market and developing economies,PPPSH,Gross domestic product based on purchasing-power-parity (PPP) share of world total,"These data form the basis for the country weights used to generate the World Economic Outlook country group composites for the domestic economy.   The IMF is not a primary source for purchasing power parity (PPP) data. WEO weights have been created from primary sources and are used solely for purposes of generating country group composites. For primary source information, please refer to one of the following sources: the Organization for Economic Cooperation and Development, the World Bank, or the Penn World Tables.  For further information see Box A2 in the Statistical Appendix of the October 2NA24 WEO, Box 1.1 in the October 2NA2NA World Economic Outlook, ""Revised Purchasing Power Parity Weights"" in the July 2NA14 WEO Update, Box A2 in the April 2NANA4 World Economic Outlook, Box A1 in the May 2NANANA World Economic Outlook, and Annex IV in the May 1993 World Economic Outlook for summaries of the revised PPP-based weights; and Box 1.2 in the September 2NANA3 World Economic Outlook for a discussion on the measurement of global growth. See also Anne Marie Gulde and Marianne Schulze-Ghattas, Purchasing Power Parity Based Weights for the World Economic Outlook, in Staff Studies for the World Economic Outlook (Washington: IMF, December 1993), pp. 1NA6-23.",Percent,Units,,35.226,35.388,35.593,35.218,35.048,35.0,35.005,35.09,34.888,34.656,35.175,35.608,40.677,40.878,40.603,40.529,40.961,41.268,41.19,41.138,41.669,42.133,42.758,43.655,44.674,45.619,46.703,47.946,49.201,50.598,51.554,52.504,53.45,54.262,54.855,55.277,55.854,56.361,57.119,57.488,57.971,58.441,58.663,59.291,59.831,2024
505,ALL_Developing_Asia_30,Emerging and developing Asia,PPPSH,Gross domestic product based on purchasing-power-parity (PPP) share of world total,"These data form the basis for the country weights used to generate the World Economic Outlook country group composites for the domestic economy.   The IMF is not a primary source for purchasing power parity (PPP) data. WEO weights have been created from primary sources and are used solely for purposes of generating country group composites. For primary source information, please refer to one of the following sources: the Organization for Economic Cooperation and Development, the World Bank, or the Penn World Tables.  For further information see Box A2 in the Statistical Appendix of the October 2NA24 WEO, Box 1.1 in the October 2NA2NA World Economic Outlook, ""Revised Purchasing Power Parity Weights"" in the July 2NA14 WEO Update, Box A2 in the April 2NANA4 World Economic Outlook, Box A1 in the May 2NANANA World Economic Outlook, and Annex IV in the May 1993 World Economic Outlook for summaries of the revised PPP-based weights; and Box 1.2 in the September 2NANA3 World Economic Outlook for a discussion on the measurement of global growth. See also Anne Marie Gulde and Marianne Schulze-Ghattas, Purchasing Power Parity Based Weights for the World Economic Outlook, in Staff Studies for the World Economic Outlook (Washington: IMF, December 1993), pp. 1NA6-23.",Percent,Units,,8.48,8.789,9.178,9.563,9.8,10.099,10.375,10.707,11.206,11.486,11.712,12.12,11.812,12.613,13.382,14.049,14.664,14.928,14.943,15.382,15.564,16.091,16.677,17.409,17.942,18.667,19.456,20.437,21.263,22.972,23.856,24.706,25.609,26.49,27.361,28.283,29.283,30.089,30.917,31.625,32.372,32.542,32.829,33.616,34.329,2024
903,ALL_Developing_Europe_15,Emerging and developing Europe,PPPSH,Gross domestic product based on purchasing-power-parity (PPP) share of world total,"These data form the basis for the country weights used to generate the World Economic Outlook country group composites for the domestic economy.   The IMF is not a primary source for purchasing power parity (PPP) data. WEO weights have been created from primary sources and are used solely for purposes of generating country group composites. For primary source information, please refer to one of the following sources: the Organization for Economic Cooperation and Development, the World Bank, or the Penn World Tables.  For further information see Box A2 in the Statistical Appendix of the October 2NA24 WEO, Box 1.1 in the October 2NA2NA World Economic Outlook, ""Revised Purchasing Power Parity Weights"" in the July 2NA14 WEO Update, Box A2 in the April 2NANA4 World Economic Outlook, Box A1 in the May 2NANANA World Economic Outlook, and Annex IV in the May 1993 World Economic Outlook for summaries of the revised PPP-based weights; and Box 1.2 in the September 2NANA3 World Economic Outlook for a discussion on the measurement of global growth. See also Anne Marie Gulde and Marianne Schulze-Ghattas, Purchasing Power Parity Based Weights for the World Economic Outlook, in Staff Studies for the World Economic Outlook (Washington: IMF, December 1993), pp. 1NA6-23.",Percent,Units,,,,,,,,,,,,,,9.624,8.961,7.885,7.539,7.285,7.271,7.013,6.939,7.116,7.129,7.271,7.45,7.646,7.758,7.924,8.075,8.192,7.749,7.693,7.824,7.816,7.782,7.662,7.471,7.365,7.39,7.458,7.607,7.784,8.108,7.838,7.843,7.846,2024
205,ALL_Developing_LatinA_Caribbean_33,Latin America and the Caribbean,PPPSH,Gross domestic product based on purchasing-power-parity (PPP) share of world total,"These data form the basis for the country weights used to generate the World Economic Outlook country group composites for the domestic economy.   The IMF is not a primary source for purchasing power parity (PPP) data. WEO weights have been created from primary sources and are used solely for purposes of generating country group composites. For primary source information, please refer to one of the following sources: the Organization for Economic Cooperation and Development, the World Bank, or the Penn World Tables.  For further information see Box A2 in the Statistical Appendix of the October 2NA24 WEO, Box 1.1 in the October 2NA2NA World Economic Outlook, ""Revised Purchasing Power Parity Weights"" in the July 2NA14 WEO Update, Box A2 in the April 2NANA4 World Economic Outlook, Box A1 in the May 2NANANA World Economic Outlook, and Annex IV in the May 1993 World Economic Outlook for summaries of the revised PPP-based weights; and Box 1.2 in the September 2NANA3 World Economic Outlook for a discussion on the measurement of global growth. See also Anne Marie Gulde and Marianne Schulze-Ghattas, Purchasing Power Parity Based Weights for the World Economic Outlook, in Staff Studies for the World Economic Outlook (Washington: IMF, December 1993), pp. 1NA6-23.",Percent,Units,,12.304,12.185,12.062,11.39,11.321,11.216,11.25,11.186,10.813,10.494,10.177,10.338,9.599,9.804,9.96,9.694,9.687,9.824,9.849,9.528,9.393,9.212,8.961,8.814,8.878,8.855,8.888,8.912,9.002,8.842,8.918,8.988,8.965,8.922,8.733,8.473,8.132,7.934,7.785,7.522,7.261,7.345,7.392,7.315,7.232,2024
400,ALL_Developing_MEast_CAsia_32,Middle East and Central Asia,PPPSH,Gross domestic product based on purchasing-power-parity (PPP) share of world total,"These data form the basis for the country weights used to generate the World Economic Outlook country group composites for the domestic economy.   The IMF is not a primary source for purchasing power parity (PPP) data. WEO weights have been created from primary sources and are used solely for purposes of generating country group composites. For primary source information, please refer to one of the following sources: the Organization for Economic Cooperation and Development, the World Bank, or the Penn World Tables.  For further information see Box A2 in the Statistical Appendix of the October 2NA24 WEO, Box 1.1 in the October 2NA2NA World Economic Outlook, ""Revised Purchasing Power Parity Weights"" in the July 2NA14 WEO Update, Box A2 in the April 2NANA4 World Economic Outlook, Box A1 in the May 2NANANA World Economic Outlook, and Annex IV in the May 1993 World Economic Outlook for summaries of the revised PPP-based weights; and Box 1.2 in the September 2NANA3 World Economic Outlook for a discussion on the measurement of global growth. See also Anne Marie Gulde and Marianne Schulze-Ghattas, Purchasing Power Parity Based Weights for the World Economic Outlook, in Staff Studies for the World Economic Outlook (Washington: IMF, December 1993), pp. 1NA6-23.",Percent,Units,,7.548,7.62,7.527,7.421,7.126,6.993,6.654,6.459,6.261,6.238,6.485,6.729,7.064,6.935,6.843,6.711,6.768,6.71,6.784,6.719,7.058,7.115,7.183,7.294,7.48,7.569,7.643,7.696,7.845,8.015,8.017,7.873,7.896,7.858,7.845,7.802,7.881,7.783,7.843,7.579,7.349,7.275,7.413,7.318,7.213,2024
603,ALL_Developing_SSAfrica_45,Sub-Saharan Africa,PPPSH,Gross domestic product based on purchasing-power-parity (PPP) share of world total,"These data form the basis for the country weights used to generate the World Economic Outlook country group composites for the domestic economy.   The IMF is not a primary source for purchasing power parity (PPP) data. WEO weights have been created from primary sources and are used solely for purposes of generating country group composites. For primary source information, please refer to one of the following sources: the Organization for Economic Cooperation and Development, the World Bank, or the Penn World Tables.  For further information see Box A2 in the Statistical Appendix of the October 2NA24 WEO, Box 1.1 in the October 2NA2NA World Economic Outlook, ""Revised Purchasing Power Parity Weights"" in the July 2NA14 WEO Update, Box A2 in the April 2NANA4 World Economic Outlook, Box A1 in the May 2NANANA World Economic Outlook, and Annex IV in the May 1993 World Economic Outlook for summaries of the revised PPP-based weights; and Box 1.2 in the September 2NANA3 World Economic Outlook for a discussion on the measurement of global growth. See also Anne Marie Gulde and Marianne Schulze-Ghattas, Purchasing Power Parity Based Weights for the World Economic Outlook, in Staff Studies for the World Economic Outlook (Washington: IMF, December 1993), pp. 1NA6-23.",Percent,Units,,2.59,2.618,2.619,2.553,2.53,2.47,2.461,2.433,2.418,2.394,2.943,2.877,2.578,2.565,2.534,2.537,2.557,2.536,2.602,2.57,2.538,2.587,2.665,2.688,2.728,2.77,2.791,2.826,2.9,3.02,3.069,3.114,3.164,3.209,3.254,3.248,3.192,3.164,3.116,3.156,3.206,3.171,3.191,3.199,3.211,2024
1,ALL,World,TM_RPCH,Volume of imports of goods and services,,Percent change,Units,,1.53,2.28,-1.611,1.626,8.788,2.298,5.471,7.293,8.91,8.523,6.676,4.581,5.261,1.981,10.211,9.415,7.07,10.066,5.192,5.709,12.562,0.648,3.861,6.007,10.727,8.066,9.204,8.203,3.041,-10.686,12.584,7.096,3.046,3.521,4.068,2.726,2.101,5.659,4.258,1.123,-8.764,10.771,6.08,0.662,3.009,2024
110,ALL_Advanced_41,Advanced economies,TM_RPCH,Volume of imports of goods and services,,Percent change,Units,,-0.936,0.017,-0.351,3.133,11.326,4.053,7.619,7.963,9.433,8.577,5.959,3.546,4.744,0.757,11.184,9.263,6.914,9.327,5.983,7.912,12.148,-0.017,2.937,4.298,9.081,6.772,7.884,5.362,0.371,-11.335,11.573,5.331,1.715,2.456,3.938,4.789,2.49,4.856,3.807,2.031,-8.351,10.07,7.189,-0.721,2.09,2024
163,ALL_Advanced_Euro_20,Euro area,TM_RPCH,Volume of imports of goods and services,,Percent change,Units,,2.767,-1.993,0.805,0.326,5.533,4.568,5.362,8.01,7.731,9.446,7.641,6.514,3.389,-5.06,8.667,8.274,4.361,9.514,10.296,7.304,11.915,2.737,1.131,2.982,6.367,5.991,8.537,6.807,-0.435,-11.654,9.074,4.251,-1.228,1.561,4.351,7.556,3.889,5.043,3.803,4.534,-8.431,8.91,8.009,-0.733,0.172,2024
119,ALL_Advanced_G7,Major advanced economies (G7),TM_RPCH,Volume of imports of goods and services,,Percent change,Units,,-2.208,0.08,-0.747,4.266,13.561,4.245,6.299,6.986,8.278,8.16,5.489,2.429,4.108,-0.09,11.183,7.842,6.603,9.498,7.656,8.274,11.655,0.086,1.964,3.62,8.072,6.277,7.546,3.39,-0.737,-11.491,11.618,4.888,1.391,1.778,4.787,4.352,2.128,4.445,3.9,1.612,-10.088,10.579,9.01,-0.864,1.586,2024
123,ALL_BRICS_20,Other advanced economies (Advanced economies excluding G7 and euro area),TM_RPCH,Volume of imports of goods and services,,Percent change,Units,,,2.449,0.213,-0.153,8.051,2.648,14.322,11.05,13.83,8.269,7.454,6.465,7.545,5.141,12.724,13.627,7.72,7.767,-2.417,6.765,14.551,-3.535,5.811,7.194,13.574,8.634,8.707,8.735,4.514,-9.452,15.36,7.942,4.223,4.328,1.342,2.113,2.19,5.504,3.842,-0.821,-6.029,10.63,3.171,0.225,3.827,2024
998,ALL_EUR_27,European Union,TM_RPCH,Volume of imports of goods and services,,Percent change,Units,,,,,,,,,,,,,,,,,,,,,,,,,,,,,,,,,,,,,,,,,,,,,,,1980
510,ALL_ASEAN_5,ASEAN-5,TM_RPCH,Volume of imports of goods and services,,Percent change,Units,,8.456,13.645,2.753,6.575,-1.253,-6.422,2.166,17.448,14.822,16.749,19.304,11.754,7.253,13.727,18.342,21.701,7.218,4.57,-14.13,0.382,22.483,-6.353,5.016,7.338,18.683,12.516,7.233,5.575,8.15,-15.449,17.179,8.484,5.253,3.389,1.632,1.035,1.708,9.052,8.182,-2.993,-9.255,14.665,7.234,-1.377,7.172,2024
200,ALL_Developing_155,Emerging market and developing economies,TM_RPCH,Volume of imports of goods and services,,Percent change,Units,,,,,,-1.282,-5.311,-4.96,3.43,5.735,8.183,11.06,10.665,7.971,7.627,6.18,10.07,7.723,13.015,2.494,-2.245,14.176,3.113,7.141,11.859,16.153,12.069,13.002,15.931,9.635,-9.23,14.743,10.621,5.574,5.425,4.295,-0.892,1.406,7.139,5.064,-0.474,-9.492,12.028,4.197,3.029,4.561,2024
505,ALL_Developing_Asia_30,Emerging and developing Asia,TM_RPCH,Volume of imports of goods and services,,Percent change,Units,,9.677,13.612,1.947,6.605,-3.734,-3.661,-0.413,12.777,7.711,17.661,17.086,7.37,10.281,10.268,20.266,20.287,6.429,3.224,-6.095,2.764,19.881,3.096,12.694,18.202,20.581,13.24,12.816,12.905,7.085,-2.552,19.252,12.49,5.836,6.479,6.194,0.677,4.623,8.557,7.333,-2.14,-8.599,13.189,2.286,2.036,6.364,2024
903,ALL_Developing_Europe_15,Emerging and developing Europe,TM_RPCH,Volume of imports of goods and services,,Percent change,Units,,,,,,,,,,10.192,3.947,14.067,-7.882,8.367,12.565,-2.938,11.912,10.273,22.973,10.341,-11.172,16.757,0.421,12.228,13.046,15.267,9.701,17.267,21.423,10.788,-22.222,17.542,13.281,2.478,2.797,-1.012,-7.568,3.476,12.024,3.471,3.066,-4.339,12.187,1.484,6.009,2.614,2024
205,ALL_Developing_LatinA_Caribbean_33,Latin America and the Caribbean,TM_RPCH,Volume of imports of goods and services,,Percent change,Units,,,,,,,-0.263,1.736,4.709,10.863,3.515,9.805,14.381,16.852,14.568,14.992,2.878,8.489,21.535,9.635,-4.154,13.356,0.902,-4.618,2.484,12.372,9.867,11.395,13.468,8.386,-15.081,21.538,10.333,4.263,3.82,0.546,-1.691,-2.912,5.089,4.246,-1.339,-12.148,18.19,6.976,1.001,0.644,2024
400,ALL_Developing_MEast_CAsia_32,Middle East and Central Asia,TM_RPCH,Volume of imports of goods and services,,Percent change,Units,,6.666,16.893,1.757,1.261,-5.035,-10.928,-15.664,-5.998,-5.294,9.208,10.411,17.496,0.727,-2.894,-12.41,1.992,8.118,8.827,-0.645,1.19,7.817,7.5,8.375,9.666,14.018,13.523,11.013,19.575,14.573,-4.23,-1.272,3.609,10.52,7.397,7.398,0.864,-1.679,2.418,0.068,-0.11,-15.673,5.325,11.33,6.55,4.329,2024
603,ALL_Developing_SSAfrica_45,Sub-Saharan Africa,TM_RPCH,Volume of imports of goods and services,,Percent change,Units,,,,,,,,,,,,,7.693,0.57,2.739,5.247,14.175,3.26,8.738,9.027,-2.96,-2.322,9.044,6.407,8.563,7.749,14.437,10.997,15.474,11.777,-3.399,8.366,8.803,4.291,4.357,7.434,2.662,-8.466,1.146,5.499,6.905,-8.716,1.214,7.446,0.359,5.529,2024
1,ALL,World,TX_RPCH,Volume of exports of goods and services,,Percent change,Units,,4.708,4.602,-1.495,1.352,8.398,2.968,3.738,5.95,8.964,7.726,7.113,6.177,5.537,3.339,8.71,9.591,6.063,10.537,4.485,4.566,12.46,0.549,3.899,5.418,10.954,7.709,9.617,7.717,2.827,-9.82,12.843,6.648,3.483,3.538,3.48,3.137,2.286,5.427,3.69,1.247,-8.195,10.905,5.243,0.84,3.247,2024
110,ALL_Advanced_41,Advanced economies,TX_RPCH,Volume of exports of goods and services,,Percent change,Units,,6.052,4.94,-0.953,2.448,9.814,4.324,3.83,5.996,8.761,7.885,7.013,6.02,5.262,2.655,8.765,9.223,6.264,10.929,4.153,5.62,12.029,-0.246,2.635,3.17,9.557,6.293,8.871,6.762,2.008,-10.953,12.097,6.222,2.968,3.024,3.789,3.81,2.017,4.966,3.432,1.436,-8.939,9.67,5.656,0.964,2.452,2024
163,ALL_Advanced_Euro_20,Euro area,TX_RPCH,Volume of exports of goods and services,,Percent change,Units,,3.659,6.229,0.962,3.046,8.111,4.345,0.495,3.051,6.82,9.142,7.131,6.928,3.439,0.447,9.071,8.414,5.065,11.505,7.138,5.295,13.103,4.219,2.586,0.871,7.624,5.161,8.531,6.879,0.154,-12.333,10.482,6.509,2.246,2.43,4.217,6.388,2.756,5.583,3.286,2.826,-9.178,11.221,6.951,-0.233,1.578,2024
119,ALL_Advanced_G7,Major advanced economies (G7),TX_RPCH,Volume of exports of goods and services,,Percent change,Units,,6.401,5.156,-1.501,1.524,9.854,4.633,1.802,4.396,8.246,8.983,7.518,6.044,4.55,1.43,7.841,8.489,5.798,11.402,3.804,4.218,11.094,-1.032,1.355,1.891,8.513,6.015,9.351,5.939,1.561,-13.067,12.569,5.985,2.608,1.661,4.186,2.855,1.504,4.82,3.013,1.131,-12.341,8.297,6.785,1.703,1.28,2024
123,ALL_BRICS_20,Other advanced economies (Advanced economies excluding G7 and euro area),TX_RPCH,Volume of exports of goods and services,,Percent change,Units,,,4.791,-0.447,4.251,10.847,4.014,13.216,13.382,11.589,4.148,6.347,7.327,8.089,5.822,10.629,12.608,7.553,9.084,2.186,7.83,14.328,-1.316,5.507,7.595,13.855,8.177,9.121,8.4,4.259,-6.78,13.502,6.973,4.646,5.006,2.232,2.204,1.862,4.251,3.985,0.206,-4.794,10.766,1.78,1.384,4.716,2024
998,ALL_EUR_27,European Union,TX_RPCH,Volume of exports of goods and services,,Percent change,Units,,,,,,,,,,,,,,,,,,,,,,,,,,,,,,,,,,,,,,,,,,,,,,,1980
510,ALL_ASEAN_5,ASEAN-5,TX_RPCH,Volume of exports of goods and services,,Percent change,Units,,8.304,-5.074,-3.193,7.5,10.871,-2.319,13.102,9.446,23.027,13.849,10.382,12.099,10.311,12.177,17.04,17.253,5.769,9.607,0.762,-0.516,15.511,-4.092,5.949,8.979,16.335,9.595,9.032,4.161,1.774,-8.662,13.967,8.665,0.598,2.935,3.304,2.81,2.17,8.055,5.539,-0.909,-6.496,12.265,4.75,1.768,5.084,2024
200,ALL_Developing_155,Emerging market and developing economies,TX_RPCH,Volume of exports of goods and services,,Percent change,Units,,-0.545,3.321,-3.441,-2.7,2.715,-2.693,3.308,5.657,10.266,6.653,7.757,7.091,7.127,6.87,8.445,11.386,5.134,8.849,5.694,0.478,14.106,3.215,8.056,12.499,15.118,11.643,11.443,9.881,4.603,-7.571,14.355,7.444,4.387,4.4,2.961,1.981,2.769,6.288,4.154,0.915,-6.889,13.061,4.565,0.646,4.55,2024
505,ALL_Developing_Asia_30,Emerging and developing Asia,TX_RPCH,Volume of exports of goods and services,,Percent change,Units,,7.972,-8.007,-3.315,7.473,9.861,-1.383,11.028,5.998,15.563,14.505,8.15,13.252,11.574,9.911,15.509,14.445,3.724,10.198,6.12,0.702,18.677,3.18,14.429,18.796,21.908,17.214,18.716,14.762,7.084,-9.009,22.882,10.759,3.961,6.868,4.671,-0.795,2.665,8.069,4.689,1.197,-4.991,17.225,2.629,1.164,6.422,2024
903,ALL_Developing_Europe_15,Emerging and developing Europe,TX_RPCH,Volume of exports of goods and services,,Percent change,Units,,,,,,,,,,,,,-2.493,7.132,4.07,6.603,10.859,5.191,10.282,9.018,-6.967,14.708,5.145,8.101,11.344,12.47,7.1,9.415,8.755,4.839,-7.054,8.939,5.286,2.985,3.811,2.519,3.651,3.892,7.851,6.041,2.29,-5.606,11.731,0.879,-3.484,2.922,2024
205,ALL_Developing_LatinA_Caribbean_33,Latin America and the Caribbean,TX_RPCH,Volume of exports of goods and services,,Percent change,Units,,,,,6.532,6.6,0.069,-0.616,4.18,10.299,5.429,4.061,3.024,7.061,7.721,10.963,15.869,8.289,9.674,6.826,4.512,10.679,2.783,2.446,3.029,9.082,7.696,6.035,3.156,-0.005,-9.282,10.643,6.471,3.387,1.654,1.664,3.76,2.333,3.475,3.628,0.615,-9.632,7.935,7.995,-0.524,2.575,2024
400,ALL_Developing_MEast_CAsia_32,Middle East and Central Asia,TX_RPCH,Volume of exports of goods and services,,Percent change,Units,,-8.015,9.038,-8.253,-14.863,-6.724,-8.776,7.618,3.599,9.297,5.593,19.35,9.734,4.111,6.095,1.226,2.443,1.856,5.949,0.924,1.688,10.95,2.582,3.1,13.184,11.832,9.735,6.105,7.694,3.912,-5.239,6.04,4.736,8.119,1.841,0.885,5.937,3.305,2.402,1.401,-1.508,-11.024,5.529,13.416,3.76,2.271,2024
603,ALL_Developing_SSAfrica_45,Sub-Saharan Africa,TX_RPCH,Volume of exports of goods and services,,Percent change,Units,,,,,,,,,,,,,3.807,4.351,3.588,2.86,10.906,8.228,5.06,2.466,2.54,6.533,1.843,4.086,6.37,7.278,6.552,3.7,7.367,1.736,-3.233,5.363,-0.089,2.151,3.275,0.885,3.067,-0.367,2.751,2.321,2.044,-10.432,3.0,5.199,2.516,3.458,2024
